type,key,k1,k2,M,m,a,e,i,x,y,z,vx,vy,vz
binary,1056807511062594697,14494727573948188264,16526686880892612357,0.20062212036481702,1.2806846519904163,58.7183476617833,0.48279373747853255,42.72725947760377, -0.6352555857040701,-0.5284725582247841,-0.787108253883998,-0.6002488472980736,-1.257108831584264,-1.1447968138837026
binary,5137983138442002990,4053291893752016800,17056545916128627086,2.9601885545525217,4.867686038902085,11.989411322731824,0.15473172518772532,119.09193678556925, -0.3386459222929355,0.35065398649744156,0.2362902307553527,3.265513919417389,0.4087194842193728,0.6267566849955201
binary,16858716670687236815,5898161048584060638,16688207951747064803,2.648205047197074,15.579335526924348,12.20738918669693,0.7041501992817374,109.68558586879251, -0.9212040594769738,-0.39101709362508313,0.5383183597983957,2.1700062239330147,0.11527744252358083,-0.6660611332264709
binary,9928743378667782316,203701134676235344,3454386178513877290,2.0809694224640314,6.339751816526876,31.7380353865333,0.7934064127857892,65.32520488432012, -0.3257241395448096,0.09769033274072272,0.4144389555967437,-0.7315272798529145,-1.7078948454508236,-0.06346221761506726
binary,11824971437140458180,17178632848882666733,1850628848978466924,0.7959818650221321,5.709663898309443,193.72858484147451,0.6439538108818492,75.89344937954132, -0.8028638595219127,-1.0787021658968985,-1.8095597652983288,-0.20841069965595702,-0.5834433190312903,1.3397407978589098
binary,13804276933525464388,3377942174414313414,6259276871600934207,10.837571759637642,9.494813240675873,19.196182827386302,0.7341782298927053,132.76723934827533, -0.037962167764717364,0.04136779918052607,0.2747335851068093,-0.946577184352118,2.531605071759192,-0.6689964064346725
binary,14654446354179358747,11806843651386302383,4289103977054260549,0.27794346741313536,1.676010999730739,238.6439930401502,0.6451467603352806,86.39026190486129, 0.9697420627242903,0.007568993904410818,-1.1627470031476759,1.2779484678019666,-1.2380760664078914,-0.6881986177487139
binary,13594771318584982720,11957189271608887895,18418713060626593812,1.0695943223996836,9.384421117428662,67.77062638712495,0.14424509820005516,163.5199462752884, -0.09477746544597986,-0.5536968904575715,0.304001112367503,-2.6502552659260106,0.013096914453166051,-1.094700793316755
binary,15157033437968576854,15782200962628671568,3947172471325086645,0.0058386124445914634,1.1560577898218751,81.23543586555994,0.5236201024206598,136.71153143697143, 0.16836653388607534,-0.1461588452217291,-0.013009937147281983,3.358177910349033,0.95308866848672,1.430022284022836
binary,609172346020245301,15237920176095616465,10970316071587776062,3.5299302501643606,2.8504101248233606,56.94372411126814,0.906290828667603,108.82884784969205, -0.0255729604146713,-0.2664898404791588,-0.08973049763331403,2.0229223924929562,2.184159352672064,0.38746856529181506
binary,16729468908088654352,11086183826197801523,6514826983306737362,1.978915985076754,2.6150098497512873,11.875640605587055,0.39953227249936457,117.94161616100894, 0.09480758663739994,0.12009670172204291,-0.07230195425497456,-0.35499928712926254,3.089248851539969,-1.4523722576289884
binary,14849061064772043917,5036562259864700435,2750457325697239446,2.092214479007383,11.956179364468156,50.11253823429127,0.5078004713708398,82.22378822185219, 0.1969616150663213,-0.2202277071141723,-0.02513129478093189,1.625398060534201,-1.5124452024356245,-3.1519694885822487
binary,2067864728765121639,14580771166220320564,15029844365621047891,0.7760691767280906,1.479567410811756,25.42997811163046,0.806418698147305,99.27513452256488, 0.5179027273713983,0.019952721420157526,-0.39086498039366585,0.5112792568317591,0.5151225040165492,0.08204759166735985
binary,16581910000407220578,13645767904051842721,13568475122721965684,0.3966222563067838,3.5322990098309295,19.327730350498403,0.7050710909864011,121.29704956730599, 0.13348533869087092,0.09824646236154105,-0.027684048091042607,2.813936881829026,-4.100695766918261,2.33686329985294
binary,16114351079824038215,17516018989742660280,317124266635581430,0.051899486669226134,4.683404405239664,14.39902301356426,0.8719774283710657,140.27600346043607, 0.17944987039649885,-0.26046953789513344,0.017031054182828197,1.8057657136309904,-0.6925872336617215,2.416424855781077
binary,1562860541822478263,15581645876044832561,17598882767748942580,0.8927978882662393,4.653628108714821,187.57333948757767,0.519587888703314,81.83388793899869, -0.31274155985674773,-0.34124519570265327,-0.6946514293744296,-1.6596781026789797,-1.4069013139174442,0.4733563247748685
binary,16065253180884144746,6247861977610614265,13239462846474474777,1.2118557512030983,1.5965909688500388,85.32832568349701,0.7703134545894341,71.16382085377849, 0.33897750063937965,-0.082687982699675,0.1181941782723436,0.6077692592000913,2.48597700163024,0.45695564550896217
binary,5825551948044022699,2139690075504141102,7207175808422867724,0.618732224668128,4.002746025986276,106.54452584372044,0.4842847037476082,119.76651099530947, 0.2235834292426205,0.11344919240494444,-0.0525175656640154,2.345280484496518,-0.8824166009111152,3.381195799440942
binary,17575324043820304348,4755341288610799846,6496059373682138497,1.0243089342398655,1.3174974845977776,29.347076375526296,0.9256149637198768,123.7583438732794, 0.4064059893180065,0.35261484821452416,-0.35566616577273114,-0.0495084978090925,-1.123991328583158,-0.8708356896471474
binary,12823782567471154504,13806024572202225561,8700014542204224519,0.7006893616053365,2.2116081952853435,44.6908643135481,0.8612505351845188,87.19400594882987, 0.12917277653969936,-0.7913825878262953,0.2066590553586127,0.30016759026936923,-2.578925578510295,0.6040398188810219
binary,15589985286127872518,15531279829970760213,1556710427022660989,0.5757909607783248,6.459456358973766,73.21668421196551,0.7337693382829075,109.39275387401608, -0.012437381263087164,0.2401682257976297,0.0719494289617948,2.5200674663997336,1.4873206368883929,-0.392994638583085
binary,18089808835025287941,7552255326740050838,8118347474704591231,0.02881541974350743,4.517547438720252,60.25524890250791,0.27404480550327015,102.020743831483, 0.1786041066745464,0.598634093083874,-0.09634573316417645,-0.14096672655175724,0.21429673642334923,1.3869962062207573
binary,16652753131745976017,11929550753050413798,380013235787541849,3.493281342187962,6.384529838666537,592.1559130895656,0.53081967189209,92.6480223583842, 0.11078117568601809,-0.4374265687778718,0.10726178098740018,-0.8137577574389273,2.0551866707240833,1.0863472269543166
binary,8779328891951190680,3144392310457259983,14063321776604389043,1.0513065104576982,10.681822308940408,57.677617801193264,0.8350271420524324,134.7111769661993, -0.20682630691454992,-0.0404553341095537,0.30170995001852585,-2.321432107539177,-3.1544374459665985,0.8824562600086576
binary,15331647804493624157,6270938918182683102,13277312974178161710,2.244416316322803,3.2915829361792683,13.168284075066738,0.15236349409900476,36.1753723463835, 0.21309860277474355,-0.22289938097976783,0.09419913033254237,1.5738817284781412,0.7599600274903248,-1.4756193270997047
binary,9498236655694827671,6984109612204668784,16472468931202189484,2.8347188806555685,10.354507384440517,136.12393093606005,0.8122349615101064,127.97718388442196, 0.17400139756680538,-0.16399762088236544,0.38571405500130984,-1.6283166135730769,-1.5238372563430989,1.0556736102882065
binary,2912607514028334501,5259263276701508273,6979408939549042156,3.625040323339245,12.02603708066182,115.52249220848664,0.5503158405025124,145.10591274027396, -0.19345946311385237,0.010230124229862246,0.19224831831490682,2.071217412486879,-0.8983238719693114,0.7712502477540472
binary,12695535870750550704,6187826275853540849,2198516354484129365,0.036416448732841555,2.2191349862326417,51.19020714676834,0.9399334066597926,82.49537410319091, 0.4220491219096098,0.20162110879363793,0.03793435209455911,-0.11600949530579421,0.14631884768254316,-0.6362575237170015
binary,9355478566435099672,4985764150834533944,3566630111255389057,0.489182712458095,3.2027298240489834,97.97274187750709,0.2536103718622373,154.8870227827306, -0.9478231973148026,-0.4980434153020456,-0.474214249468864,1.8066971412132686,-0.6880177771693684,-0.6313659699933629
binary,7723017103435483094,7014092290204835747,10151598527397372872,1.9655010431477693,2.990772536993311,239.70124981955206,0.05768791284124286,125.08845625972621, -0.0960540939763282,0.08894216153391038,0.3934622207983133,1.5009746138819873,-3.4309471655096124,1.5143652040442712
binary,6044369274168325058,11459378783277293999,2176539381159418943,1.1352344868858866,13.939547138457655,130.35854271833375,0.37992803141796055,90.34336933148874, 0.034396085306558674,0.3621824953769394,0.1736763681458684,-0.2984568900027518,-3.0148560196141103,-1.8309752250617075
binary,2272687393646225603,17684585916818919377,1551743636884639699,0.09607969864803428,1.2324834536719704,224.31627246095056,0.6241385929097581,85.7689146533319, 0.10863486706943264,0.9690929563948636,0.5667492458969028,1.30248670255209,-0.5006061716330523,-0.9144651667053258
binary,10629904198730676365,13490847517093677066,16858116272698060501,5.169955442714189,5.35435584225106,80.27990553198632,0.5508042540326572,166.75757626483724, -0.861734225755628,-0.03493446241151676,-0.2666866182073272,-2.6138107465143103,-1.2515196332014422,-0.09572345221596777
binary,17721883255089369788,492280768402034935,14651424939245654802,1.0705481349778305,1.4702254986387688,352.92931354794706,0.7723307019446581,30.559510380367023, 1.4574570720259785,-0.149710584252721,-0.5625641601810515,0.6167497435291056,0.32913542922353606,0.7212171793180451
binary,13092579399371210648,8840583060971177610,3037431105497790114,12.973967939171654,9.517886429387044,31.158377443477196,0.8641937622194679,104.40296324381694, -0.10742800935041334,0.24787503193858254,0.2651103891622127,-2.5409541368230286,2.120077495005671,0.1349456212178698
binary,14180601453081508387,5421149970769086523,16609906650673046645,2.1418489994804357,1.5144876404244034,434.14796233559787,0.3647472488188849,61.00644410546838, 0.24069081597870698,-0.40368704347202733,0.6856095639870963,1.5302883879498275,0.3612366286733546,0.49982046436996097
binary,15218125826083078199,11416252167078659099,11759251425940883792,2.379831784335749,4.7190643126868865,362.36001890569503,0.6634141892952378,49.92427451619252, 0.8878525303617453,1.6173524760502047,-0.15332989455648366,-0.009810874258118205,1.3426138335107403,0.03368706278997987
binary,18154012335871568819,16095310705669026822,10348519559184621471,1.122879027507466,1.4045994763148348,64.19706153385206,0.8441617244837584,23.687634742945768, 0.2315985039752189,0.32578473075981196,-0.16453030591969992,-1.4151771023385689,-0.9558876984400726,-1.5494226715936257
binary,16440431617470332480,6378368665220705370,3921489043075577387,0.25008993128516105,3.4737448252589784,787.1261630567224,0.45322305404407015,70.05810537083086, 0.7271194256882487,0.5598447514328407,-0.6943665006234003,1.737507931543972,0.8532205218420291,1.3633369226650787
binary,9089990138998933100,17698059380391793574,825842339223668862,1.1677325839782744,8.398821829553848,25.17916156726255,0.6750191107253325,119.06786041059944, 0.15079715985478456,0.48738247581557725,-0.42752338002631923,-1.0322932309783466,1.502667496577348,-1.9840240594191154
binary,5114507795445398474,9314242291543198460,3303614840089877644,1.4729579616653834,3.3540999650819803,25.32138797274951,0.6525434823122489,137.49286674870427, -0.08643603792257457,-0.03274311937930673,0.0181670536846964,-1.8644050616888943,-1.361343434013397,6.527243567881098
binary,17797271145366294401,4296290473930831343,15571881053317641347,0.5989524001787375,14.57489038074072,166.20867174350866,0.39690155057424825,91.22573435884215, -0.027297201102427508,-0.005151807171433053,-0.006320850801356183,-5.272347809420039,4.045712573248841,4.455075864532787
binary,10209005907154325503,15411115567737262802,2474846098321192265,0.07619106942467457,1.9348493641173445,115.26267883349064,0.5368902201455553,126.2913203050221, -0.11408701003605397,-0.045131211307720305,-0.23951884748869862,-1.1130854192028217,-2.845631618615173,-1.4844202173562027
binary,941918994334506277,238474293062371465,17398155027521152281,0.2886593296970005,2.0923592239427764,138.10647835018338,0.3904782702405306,85.23138393787215, 0.02006042554886926,-0.610742805125786,-0.12329971597075785,0.13030831930401612,1.8536159807145456,-1.0734167323857455
binary,7568730398511415103,14231836388505564160,8119389870126104971,8.730837776877287,13.789247337266684,803.5753314674458,0.826681376537592,39.33467506946645, 0.07990018330616142,0.17005555842377226,-0.4082017362560824,2.8933985643315014,-1.4546988319601004,-0.49296921286853934
binary,1904181036150830314,16025120386487763484,8899998464225195931,5.806096765250549,6.215093644668544,140.09603569943852,0.7331457294299323,70.95063996570259, 0.339651850964254,0.014731061869956453,0.07169518695921959,0.3098690478405968,-0.7361810239574997,-1.4877685076502962
binary,3070930941308204607,5801477924675122557,7803362245996882039,2.367907740248793,3.7226365186835024,415.3784367393496,0.49844834382260683,98.04016101382216, -0.06342158264450679,0.6639006633432545,0.3906778461977872,-1.5507477072196765,-0.03962502424527007,1.6831026878773134
binary,1837828906936615525,2219539283172347585,6308843120729850173,2.8014189069052366,13.30353066586192,9.977715349549205,0.6787335375757139,57.63205570677836, -0.3044905109417892,-0.08202822951436417,0.034305893431903926,-2.2585882931169294,-0.3842119903009057,-2.544693689358775
binary,14481297074382731265,2872554247728790639,1862253986004403833,0.2933110059370082,1.3248039817052544,32.66960544652898,0.5238861097955745,93.89787616094608, -0.027278299518926866,0.22313070753020012,-0.9885324758014806,0.507048430674181,0.5872953211828459,2.4185498193378883
binary,10790331285695749497,6388143134052105037,5971235363074878333,1.7612098778396659,10.624689439542387,969.2681205987985,0.5892769491017547,84.07339881690629, -0.7133278660722442,-0.01269094945747476,2.763327941651755,0.16278340093045437,-0.8842957977156662,0.24881753340194387
binary,12798009291862979047,17860333714110512142,1861624408827649046,0.779317092019573,3.0863069036267237,52.89168404255721,0.7452447992572105,169.28371236711143, -0.29109633880429964,0.2554692716230133,-0.04261279141129211,0.2992872725874637,-0.8098636726052504,-0.1450382427276617
binary,15155939402721396338,4820312539337471482,8923314830886121654,0.07468789487257663,9.735177248301664,902.2643233726807,0.6800054884997823,159.11761292187188, -1.0711777474226636,-0.6061358983531506,-0.6029344036703687,0.3994728439088222,-0.14107396619937201,1.244407628355784
binary,6176838842904011989,18216553367363874709,15514933746369787462,1.6310149927723565,1.6126598692989134,146.44782661057627,0.7145641184511863,132.77358222824438, -0.0802524113155321,-0.1142860775865657,-0.10712610297359611,0.5107185289785451,3.446244539354172,2.7921042667939466
binary,953278166906744197,14216835886163772355,1568130464288529078,0.13601282002381548,4.574786028162629,163.75210368431127,0.9820516474601679,94.5008538924426, -0.2967066642049094,0.08261996414843457,-0.4826713818618079,0.34903009860957673,1.558086619663725,-1.3856329285859759
binary,16840078126428801103,13224211278726149452,10294248314334976088,0.6050554797299942,1.8911623919428975,33.868607818963156,0.7675468223227272,25.432623133298193, 0.16622570689768834,0.1480925973692595,0.1100229695804158,-3.150284317299099,-2.925060034018555,-1.8046058434152226
binary,3648438168167823089,12860847931441094361,5238190682913841375,1.2737257601599334,1.2974015337609348,46.99882073886989,0.8015268633028049,77.1776638741476, 0.8457711664789136,0.645047923741139,-0.019732364517937168,-0.631504070243064,-1.6026880756529265,-0.8617229115556034
binary,15019446568180951996,16700931681853778513,2533843170198903190,3.680802840300662,7.519434141716379,291.8540840622343,0.9190423011838595,82.6801271215248, -1.190425627173777,0.6325782292601063,-0.5541430937247118,0.37655469210962345,-0.6276938510042895,0.49329535843868644
binary,5422938702960851345,9781537758945648386,11932606770809833924,0.4799589540686791,1.749111022898779,89.49332577510842,0.9221967694508323,160.69198221366224, 0.12758643473167525,-0.1933663223578489,0.03436457892755118,-1.21020705749165,0.01424757197936727,4.204173103744035
binary,6638611921445970151,7487226636630228835,5499155332273954949,0.34608150192482423,1.414954069869411,160.90891516076366,0.7417057453635238,93.1611638915466, -0.6408508458373338,0.8456860131345901,0.42972998486636244,0.8896087365131592,1.492025778118317,2.1328889844263084
binary,14980542522221654832,5331684168534932255,1989387029050368325,0.6675312576322666,1.39692084280238,15.083304997846657,0.23330364373929408,109.40828192444208, -0.0021314233642851107,-0.000525201691879268,0.06327057770352522,0.10231390576539401,1.146918185673618,-4.316705629743105
binary,12494043789668965467,10413340406203598741,5013621935479541290,1.2463540733465013,18.64949497322038,335.8340633456011,0.36247476644535237,157.15373792482697, -0.30133521290298,0.8329261803291025,0.487560462659445,-0.8511501651968668,-0.29031150326209143,0.36506869854762924
binary,13442738030198980855,11251583137403364747,16630167812207678454,3.9180842115538868,5.441835673764811,12.870001308320532,0.26427932279850064,125.00291159609495, 0.33605408024654737,-0.8574344905678615,-0.640766818746962,0.06387922177535099,1.5508152161237378,-1.1428791760385364
binary,13572576129733165446,15809289900184933151,13868319542698818852,3.8064791942678196,7.500685395435193,527.0114935566584,0.7281757348818453,46.889521607622534, -0.8319973408027758,-0.4773352543036643,0.16353330418041942,1.5370033371001515,0.16203048588917868,-1.0674510425928811
binary,11183622876525707021,8650684813806135652,16329184452801957934,1.9748062016610515,5.349471021311341,29.807408321530858,0.25337007583832777,15.444328029235962, -0.19347953425692083,0.0020859650961551194,-0.38951013111039484,0.9475175850074082,-0.440568877659778,2.436713397577392
binary,4816682080207622905,4605813518697390181,9954070365501591938,6.583224404688968,12.931697465170194,43.33253694566875,0.4997529572569606,117.75416009809443, -0.09304696703157261,-0.396497503668501,0.5797813677631413,-1.9808050678868072,0.0004891455678469783,-0.7608749172920589
binary,15106345081881326957,11478120317997511868,17048117754781743145,0.03864900492620032,1.1791729516674958,18.66660258224994,0.5126083233150345,93.75818838332526, -0.064260448005714,0.0006555854325785502,0.22505859068548245,2.334859662651189,-1.456448583059468,0.7143151132222525
binary,15306450386946001857,8519302376542754180,11380005885998466452,0.8660654610677055,3.898218631325225,29.626384436532298,0.2300745470949309,117.78138106310851, -0.04897724876335453,-0.1343809614335599,-0.14089016224588816,-0.4371666372798561,4.9390134490297415,0.6552662761709802
binary,11697361257889262173,5610423458597509215,5876618563292825853,3.4148243194351244,2.6031341884345482,53.98166827551442,0.6047570350528491,20.31093548661798, -0.3908349190444126,0.0755459822711657,-0.2979714468004455,-2.160479065495174,1.5743626599312146,0.8432074530074519
binary,9889889159003599544,10718108241867692678,4043970975859390085,0.5225246450226906,2.27626651408825,860.4191799566961,0.34199808755459526,110.90076502900605, -0.47299233926118195,-0.10121153266441509,0.03382443094740696,3.134730266479838,0.924359015674337,1.733050167966611
binary,14345094797008003071,9667714195175361967,558938793222540441,4.699088787724885,9.971901457258102,51.65961540137182,0.10648813394815759,129.60575496797344, -1.7153274127389995,0.8206948990377999,1.9046009991927977,-0.5937495201682272,0.7075774204483196,1.2423011680563134
binary,2840274614830788517,11747515226076097442,7286143387113575558,0.4016255033079184,2.343440477776227,48.85503038221156,0.7619625326958936,150.79682749228922, 0.0013066498008817585,-0.03230408903051729,-0.06166267725670967,-3.11253015251386,-3.140667484858614,3.409027750537746
binary,4405869763193935026,5728526391100867986,18013570713188780377,0.5250227866487466,2.1856190747910293,352.01752098914733,0.5289679435876327,44.93386545845625, 0.8609097605648413,0.07064243005641434,0.6834262186692452,-0.21360395463898021,1.1461683962194755,-1.565086484968755
binary,11314409893482495208,16879435712210814532,17923724775055299894,1.3071674861858533,9.032186739367402,130.5362918986436,0.36156317507075963,95.40792227480233, -0.7182789993192691,-0.10899703412119903,0.7566647775343247,-0.347009074517545,0.7210805670653277,-0.4356966288462372
binary,995885362287869319,17461079698538571317,6624230573437245139,0.1723677138950106,1.2554597649824293,104.05281455769382,0.9472423199117067,62.363381660683785, -0.12384185830812729,-1.127567734888646,0.2613318519650636,1.2904756725158382,-0.36962224439476665,0.7730539853318477
binary,1586144393487965372,8023565486039866428,5962346073585275294,1.7796241057566669,7.893638378862679,150.1272716569718,0.25869036150934543,117.54733854837261, -0.7085364200083694,0.025833035301891554,0.2950144907519654,-1.5533133916685729,-0.33647375113416267,-1.5724348326848516
binary,3299571498526097617,8371969379850267225,12863425384395633229,4.105123946539856,12.447990501205098,39.972497976372765,0.3373566511449886,141.43749790424388, 0.14274957142083103,0.20281229450594596,-0.1589608627073639,1.5305446524103448,-3.997380389904629,-0.6964362470673736
binary,2244585217526481720,16235482449491881823,2348102308968935309,1.336528063417406,8.473373253336893,247.41299463260574,0.38485485574189104,142.20819994820255, 0.5520959704966165,1.0916060644235313,-0.007284590002063674,-1.1887456896914013,1.3218031310614258,-0.7170229776230406
binary,1678515819402618917,16778360696135379129,13699010951349952396,0.10809489844423137,5.383110480265399,692.8599366029413,0.988077763289665,17.75805574322106, 0.20885793143464756,0.9530551562863706,0.14529440889608317,0.691912887554048,-0.21483207792157036,0.019335845608030065
binary,4431835118619180091,9230763625145068826,359798050609393622,3.746768278449427,6.092623933251574,972.8111769485415,0.21896565107801658,89.48857814350382, 0.3297584022986106,0.3481389036249683,0.478838130365668,-1.6762186777107377,2.902419864900234,-0.43480262900377303
binary,8949998556989127734,9572821651870846095,4042704691748106707,4.45590794108823,6.561867214766314,114.99088534610037,0.5492581752951773,69.04270242867796, 0.051347145263435395,-0.3423249555573264,0.10675958081525536,3.071079400594114,-0.5538538770171043,0.3656577961816476
binary,14574142208996224329,9936083549546034261,15474832382834783040,0.346829304159657,3.5141083250642313,18.78695045162338,0.9241011374597534,116.52914234280641, -0.5929525219194997,-0.01834756250417699,-0.5403567442861904,-0.7687278545615155,0.24459259690381194,-0.007834331066120885
binary,7999367122037318175,16327176056054626483,18251213031300880841,0.56361347378478,2.261570645694023,54.697432964332,0.9570800921385888,65.00296706657005, -0.15964174543208234,0.2782138233958575,0.033141855843492773,-1.0679595065439715,1.8974393234796967,1.357907298199971
binary,15477527780659299508,17079480743202310700,8252190584259863090,1.4983377367213029,15.183464630377609,48.79751212369609,0.8055861761532352,84.89866994288136, -0.4971095287745572,-0.2727758802789957,-0.050221579810595884,-2.2162075040342097,1.9385997604353737,-1.3912092050745224
binary,15710542645751624250,18178672884421171986,4319625812652406141,0.9248454049935517,4.692931906928737,284.4615708590179,0.5640371976837527,107.62675295352318, -0.1556222165624792,-0.3937674406231666,0.605448228739383,-1.4673631281892336,-1.4522047868508368,-1.6937349753429405
binary,6969787992500781350,16291120809788189468,7066055257841623810,3.2433028938355446,5.981986006357312,552.3353529621933,0.40233933112266296,14.354275806821066, -0.0707786931266745,-0.6317705427692553,-0.1958739089208958,-2.4362793858840703,1.0727117211107007,-0.464126833916524
binary,1537248477874735143,13966653907210725562,17599307728931618678,3.516082737506898,7.8195695569928425,561.318895318815,0.4168349811044192,118.77087105055459, 0.49177374968801035,-0.4566690294975544,1.0317327129391196,-0.24662409069461694,-0.6627000528189134,-0.617528169581131


In this session you have used the AMUSE modules below. 
Please cite any relevant articles:


	"AMUSE (unknown version)"
		DOI:10.5281/zenodo.1435860
		ADS:2018araa.book.....P (Portegies Zwart, S. & McMillan, S.L.W., 2018)
		ADS:2013CoPhC.183..456P ** (Portegies Zwart, S. et al., 2013)
		ADS:2013A&A...557A..84P ** (Pelupessy, F. I. et al., 2013)
		ADS:2009NewA...14..369P (Portegies Zwart, S. et al., 2009)

binary,6428978063516212631,18388635059299530679,11281825649677774251,0.3433400812048626,2.1714032106516274,240.6249798032493,0.6347591183258006,99.32215675597618, 0.057102687040011445,-0.1651822102546124,0.001684873840821764,-0.7396067413047144,-1.940297270583761,0.11478664205134496
binary,4567376804376690705,4780579901114669514,15573249651936170824,1.1671815169249786,0.8565855928491574,190.76467610747252,0.86518791434933,99.84317503397187, 1.447048039445611,0.9398520593638771,1.2237047485479222,1.9252937055050696,1.064516300801168,1.2405428389980344
binary,2845368894813407645,7299764012612082719,949467544980827255,0.9921764435442995,12.65651587710945,67.49675083563187,0.8240575521728947,129.8785582624468, -0.865892405673086,-0.4323511965419231,0.1623274430695573,-3.057154349632061,0.27059081080874553,2.914824727189641
binary,15484268711351982334,9594208844128465055,4543822053482003033,7.779261640755154,9.07922338547313,338.3564612216799,0.42184904034844606,83.788408829653, -0.3454503625729502,-1.7505064089261384,-0.11604816256703221,-1.0077460153450493,-1.9040321394803705,-0.3750474123948418
binary,15226120537798328544,6594011585259375928,16561354347453818244,1.3554065409850533,0.9311037542488093,131.95407888195604,0.11242918392517734,83.02716487531721, -0.6008589113952751,-0.4195202419576554,1.0528407969462017,0.4002800038030493,-2.5859409934969726,-0.6440933436797159
binary,6198860945182431171,14363375983532445896,17424883659386593764,1.5819340792070864,4.282550847399215,499.161603135041,0.9770668856622019,53.51853376339621, -0.0434416922964608,-0.5731565717943278,0.3702532544162817,-1.4303833223997027,0.39054118391897563,1.003166392476627
binary,3186562971578827207,14499439143348419655,9545500489815551419,5.457397768706767,6.126649964779782,120.2926053598567,0.3397548780207864,150.6371104807354, -0.9913548555153852,0.18692808421271875,0.5969691116790704,-0.6297634070527738,1.2440782122941898,0.2907919123498365
binary,15144513830999410348,2319871965474399424,7043209783959755010,0.7994037950907641,9.699585204208512,79.32119070710189,0.2189299509204072,133.04554035239178, 0.3352142720007009,-0.35868401429712987,0.9566222006079893,-0.806945200260896,0.4707085877920821,-0.0037693010110558117
binary,1287122359742043771,2432523239376034032,11226434062096759281,1.9819439302882744,9.265679855462352,515.5404963424801,0.3423925049463054,30.78647869897302, 0.3419694119949531,-0.5349660829833617,0.6265090689806148,-1.1700452244738624,-1.8588201035722896,2.898986767986842
binary,5731631835569774856,10033959790211039544,11780237347271699320,0.9836216999465678,2.059104201085139,142.00574881067595,0.6170441207575201,53.31715407958286, 0.42571794494525833,1.1659986697519693,0.4415697073313967,0.026620156882076144,-0.0992046481424132,1.6454007842264116
binary,5439295091066228147,7805546051742037643,14908445251487408541,1.0023774107681664,3.0618729943357628,253.96806952102912,0.3101401789389419,64.95267023554604, -0.515577671514574,0.16729371352586067,1.3228068789383,1.1441968218759626,0.8237094239200348,0.8369114925777877
binary,4847647314966912721,8345558285415679589,9249869694856610442,0.044642186298653914,3.9552704452914966,693.5170417036852,0.9789261022163218,128.25449484743794, -0.8544547988470441,-1.4749062418036751,0.08280133830555506,-2.138893430031335,-0.38092797633525777,1.290367352572862
binary,13594495844036379022,7356821293323713035,9920787264947658305,2.756055079742897,5.400391551606501,186.02243598827778,0.8768812811248285,63.646447064488655, -0.5433370787564261,0.33000369445513666,0.3217656400777473,-1.6640077470283303,-2.5907201567138367,1.2852112973494607
binary,10027107434424517833,882174583206430203,4753945666474457368,1.1569212019438542,4.127325574627385,133.63612834368277,0.8360256637888984,85.41999842965895, -0.32136685802273085,1.4135939739894987,1.4733550710871992,-0.6763490552697222,-0.12492071515158021,1.1161255438218256
binary,7687042347301945821,17994770355875195719,3821959062959652096,0.22965613726537534,2.17261370367663,98.92460314818385,0.601296346048128,103.49454000672037, -0.22309985118689635,-0.3559674927100996,1.2579915010872256,-0.051162358059943354,1.5728163843138405,1.1541667676117928
binary,15608155461672348209,4519947318842524397,12758348819809498860,0.05757239107527981,3.102978588722186,305.67765928677545,0.8411042095009554,61.29040148739051, 0.49619719969273646,0.7901595270897325,0.0960327423053293,-1.2120688088513243,1.5542392659597803,0.007745637862559224
binary,2822593810862954568,10123512914179929794,319999993235355216,0.45575890816051057,11.812639791283672,40.49505954194426,0.8245437702949895,118.50830601640716, -0.625497087333092,-0.31552542143905227,0.2868457228042688,-0.8074210689204168,-1.577225318855639,3.9215816178753955
binary,13911332926363963825,2300262652851368371,18390220479762610816,2.937762993337244,3.4150528012947334,48.00278404264499,0.8412669080723705,34.23009899946857, -0.7606616125060395,-0.4152877433424922,0.8091889483914049,-3.0594897685882185,0.5259918888367001,-2.173713980263632
binary,14020347712621415189,302529916267294517,7529389254351885863,1.426067911489771,2.249104995130786,139.75039373587848,0.7287625710840172,79.07048578544246, -2.1723655190800546,0.9569610383838808,-0.12592015073239143,-2.0289564486427065,-0.32886285834021545,-0.2678118230891428
binary,12490058984944412611,9200716212341554279,8729982708041663380,2.040424999836273,7.755601739194206,386.462373371447,0.976696421192095,99.79757107259994, 0.3175148686259695,-1.8524063006776972,0.5876084336458011,0.6932839848347355,-1.7078067383504627,1.0410384570636166
binary,6166192291390026642,8795372816386921995,7371733237685709144,0.46801186957542906,0.8991548357131771,138.03697613594724,0.6368656093458086,64.40628427941589, 0.04775778504954532,-0.9281864121696173,-0.4110430422887985,-0.6982711735448114,-2.8465144353614202,0.8493642911771978
binary,13887888701530693207,6755672950896038912,13862713501787782734,2.5513821391219076,2.136382104251463,27.21807749505238,0.716334307062758,69.98817753797263, -0.7236285243603431,-0.16517141101883384,1.3882976810261862,-0.5721711383462054,-0.8742141179743003,3.0749465720811084
binary,8457040572048560677,6511200507670263657,128650505723098667,0.21497354137859095,3.688413387914229,440.8033052077184,0.12028980540406049,121.83761748344472, -0.4943259457084655,0.6859393385803089,0.12536852974549412,0.4214774217051365,-0.7622077481809466,-1.0061945134420267
binary,7285575203089228398,3483428282844099057,17036454873253989301,3.9601594889453633,12.02693284132517,195.5394265662876,0.7114778008916907,45.89829131239922, -0.42104538514263673,-1.6139461343135422,-0.25743567264994577,0.7683714976247861,-1.6571484090376845,0.007049240584795909
binary,13325679001498129060,161953663121538519,12119976667896287015,0.524198443403993,1.1005117128317012,655.1250849999258,0.10782807613769754,50.65916323665035, -1.9974947609389162,2.691228898971469,3.737762155189685,-0.6862253262551787,0.6944922064818019,0.7012266914397705
binary,2034488978448508560,16479848312401504024,4045846614014470323,0.729581306108052,1.010402021490995,124.85939219353219,0.25891152772543247,126.19361954895808, -0.5677146604090791,-0.48995323727994666,0.3146204938472612,2.645246498997447,-1.7857927107233735,2.5181597317729483
binary,13758308960661535192,10155492040293605087,9200783685549589901,0.012558585381841325,1.8391121039504434,130.56698805139445,0.7352897174283525,149.5222616528745, -0.9354249743045651,1.480958633056015,-1.035829965011601,-0.9712387681875396,1.882541952515979,-0.7853985683568189
binary,2650195339734600119,14432233467867232294,15334153218776345686,8.665903843102454,7.3561980351222855,68.46848983652927,0.8841267192922306,67.78182261797872, -0.4995319348822246,-0.4998146572929882,0.8684732980406855,1.732429991378012,-2.5042051647619292,1.8715643117227336
binary,47918585604536452,12440088912633677129,6198455126293965696,1.9273490573909877,5.95959795316403,17.30190531046797,0.8453534277489189,119.40494106647505, 0.06615496182068142,-0.7178501414723499,1.0431325013395674,0.6138141015726709,-1.575271774894571,0.19724215829680564
binary,3244708955588879727,1352456288349037706,13251474313511195277,0.4798602347874174,1.9473621971874977,609.6137299074346,0.2618836972425012,165.83191830880466, -0.7274024136235742,0.9474205749747489,-1.065703063290977,-1.291451953759098,0.9594434189597246,-1.2958855267290983
binary,10189089290848297391,9164422452633865239,9678775186426567853,1.2777102173614343,4.248990032693914,272.08521458091633,0.6468010176669938,103.71251628906465, -0.4140815982945772,-1.4337746125134003,-0.8384816775933948,-0.3491895550350522,-1.8354100848212227,0.24885094902931898
binary,15352753343229322930,6577629044806890828,14589852755620982644,0.11163336136608269,1.4193461701534238,161.97751498482742,0.6684881483511643,105.70598948252906, -0.2970339953172709,-0.33578604197619005,0.5249882874181631,0.9255205546615962,-2.37249461960145,-1.9163351168899163
binary,1552736957444377714,15527924137711396085,11482644012099105365,0.07093064223605995,3.6815508422959606,120.48704205001901,0.7950768537574753,121.03720833263951, -1.4586096834386781,-0.34945771390847424,-0.07928683816025123,0.3542946601912677,-1.556391808068184,1.311776377063252
binary,222186523023128527,9055020382600363523,18081854136812896134,0.23890233258212426,3.92231228781067,149.87295924293892,0.3953708565061406,147.89561057795123, 0.923542612400876,-1.193847698551773,1.48669494533157,0.10881859769766515,-0.48635929144292317,0.4024172438444948
binary,3173902730229728515,10749106066874266167,10996403673872551562,0.8182636341645654,1.0744776033851462,59.29861453808478,0.7507656344087734,120.41214719878752, -0.19982735937099924,-0.31350237065925746,0.6057446491979421,-3.041327288648559,-0.2135930660069044,-0.5461812321697328
binary,5176232786159903897,8707870241746013478,7455959942199438870,0.0923748963892682,1.2042791151685934,932.452055753331,0.5748482812054944,109.64008367356874, -0.13044100783260354,0.3204003265630693,0.05180520212537546,-2.098485827243432,1.7751448865146882,-0.05911602901021371
binary,2311250274822285306,16255825443373028901,5732832973383908574,0.30988403512707813,1.0447660883982817,118.60481198131079,0.9372662672926939,99.40162609807814, -2.2035414355240683,-0.9255205697130623,-0.18858407211562161,-3.163986060735564,-1.5849019872384875,-0.20678756545961385
binary,4752773420592072703,5051696650195428936,15822924375842797934,0.25539057292381445,3.6177231882842316,112.53316164362147,0.34594227899930174,95.22870279434451, -0.18615655231494396,-0.325721293865587,0.7038352248128881,-1.360565009518837,-0.8473989072275564,-0.4708472462456202
binary,13592179230171660985,5941476198795204718,6599456440419073885,0.16909919506978546,4.093620941215425,596.8546790704527,0.5958057969582635,169.29088963801016, 2.3621325896148577,-0.5698777502452239,4.654969889363969,-0.25054003308150846,-0.9094663583604177,0.14177243154471592
binary,16880028031303649033,17516860082099594961,9456963513971003097,0.024738669759000718,2.9429785203649352,285.6401540766978,0.6649425828226563,113.50810618993921, -0.1920194832643667,-1.739619392751741,0.19862799881493523,-0.47723410392269944,-1.4129166834972093,0.17564686597751702
binary,8606517428970548950,10137672978428527459,7194829220227563241,0.21549169963501674,2.0770987018562477,198.90082974969218,0.6965624769722522,47.67811127047916, 1.340217743083497,-0.5214831674459037,0.843593896708639,1.1844388160064816,0.0975078719743136,1.0912976763520343
binary,5816823061888770225,5629032443811168982,18112626034939208920,0.10426539618132365,1.892275572326663,52.253578663115,0.43444765773991156,72.85648733960136, -0.9922361896024666,-0.4688507460379363,0.6857889605200195,0.459793492263995,-2.0648969445591794,-1.245374143360802
binary,3310929369130908358,11374504121073206867,12148405922732891835,2.639795279234528,2.435637887371198,939.0371753603928,0.7711109323783781,104.07015165220191, -0.7454586289557142,-0.8213348322545468,0.911719053179949,0.5862557860152569,1.6554240842335193,-1.841731537277389
binary,17075429622744811156,7055758827272347630,17026033273356905735,0.22555050448377367,1.4197962477546446,39.22721826955906,0.7731599819043804,29.674738941744696, 0.36721925338877637,-0.2644435093779583,0.28804342130841837,-0.9792407297429604,-0.46170074997491223,2.4890023250516804
binary,1666855768298808431,18183145925761000533,11700444018154015121,1.5058782366747367,2.8339762729529485,832.9011425765242,0.4996021428104196,83.07522224541077, -2.007744150617861,-0.11377841395215751,0.7701419371751368,-0.24819539984232808,0.3989147521370706,-0.3774181938346077
binary,10724907119756512184,12299246469675788153,17869659633176715756,2.2025960513202416,2.953096954732325,279.36230709873246,0.025550543582566386,122.73499975677996, -0.39693737024093334,-0.48857866004717687,0.14286658849333347,2.0218377149397084,0.05164309010494085,0.45743615887007916
binary,4542526252531049857,15736582976687439691,4978693116194061796,10.160098496317138,12.735985087501614,473.2640771522935,0.8863138081129159,34.08648575515901, 0.005848138375728412,0.15642699270122593,0.05461177621944688,-0.04089404956060064,-0.8031356397069144,-2.23456567646153
binary,13366322153854463631,16576180293164648403,11060126116209798735,0.10828398881903846,1.617164190255026,83.30167577939389,0.7961385994513349,134.9322080815587, -2.0174093044218626,-0.4714685851493031,-0.21932231261372537,-1.8802623442315525,-0.23955251178758097,0.6544845862617312
binary,10640748995573472895,17094822645825247772,13107718022861456835,0.8746336519343934,5.171955158156047,20.574635856995698,0.6466085863281534,65.31107196363062, -0.7021834190158237,-0.02532375580923714,0.9300391105192424,-1.3303853828897119,-2.8960975094812245,1.5147979636081796
binary,8384644981150699196,6063502057433237397,8100955784111467849,0.2682058065404703,1.4185869824862494,550.7272735584694,0.6357172209686937,102.83803544930042, 0.35115695344882497,-0.7899018135926144,0.14811632721407814,-1.3103794984876316,-3.1690925927946587,0.08119868445795728
binary,16697025688371642684,16171372202711017271,14639964190678268212,0.22748849823270562,0.9771986072271184,521.2629011986644,0.7095548016538268,24.435420671902808, 3.9530889362650248,0.6637807788521739,1.0903245045867254,3.744758399403918,0.5973154337374667,0.8527683488655974
binary,10460004661359683400,3686179079779088510,17497376769736976754,5.2259247291244035,7.940679628608536,58.07446057071553,0.8470867662682957,55.63557270782831, 0.5892323725320574,0.983452331998625,-0.6018927557694647,-0.8998093999989876,1.6759947317385897,-1.1176334436131017
binary,12350363948849846430,8308841507318267067,13024499838189233005,7.669869493773504,11.12257881885437,26.678971068534032,0.34722202416752157,128.32037328484108, -0.7707319087906509,-1.2867102203935412,0.11103915865711647,-0.8258763518935209,0.5253639275241945,0.6400084178751501
binary,7440672820905980820,3642910829258972231,8038986195625729990,0.20206252201731317,1.7969599477939904,148.37379297151972,0.9868783621407926,138.87277709786403, 0.7900060342898533,-1.4949731380949074,-0.3358480949635832,0.569246926562769,-1.5413725743026396,0.6643568040992415
binary,3588395763883236650,5141890462656160128,12739001600510675198,0.3487963269582069,1.9178154301026842,662.8423902136501,0.8403823183660142,104.08731628457807, -1.8170379650307842,0.4575072620339051,-0.3906747906455882,-0.2889029055931527,-0.32455704966158067,1.263843679913914
binary,50076041782273654,12153948745775893388,9695656214860643367,0.2579404452601973,5.735668016446222,100.01079557520286,0.8694993298791154,59.30503737429244, -0.7420403573999199,-0.1005345766706339,0.7324297048222408,-1.9187624501524048,-2.93592551941408,-2.1702197639589023
binary,11646261564277568369,5913421710504201990,14644441171270272823,1.031319227202901,3.6914045928508403,21.16227185711312,0.7634965023226657,111.12618838022928, 1.11838731003732,0.3733955109286084,0.7595452053109638,1.8293496632582176,-1.17701394979842,0.6931124285661948
binary,10389493950573166128,16309688780181805512,10649466306445387195,0.2946844770512214,1.0144218081390233,32.58068442211093,0.8480483005252523,171.06131315609048, -0.7238305743248725,0.3039188298008664,-1.1659839857965142,-0.09161060614269015,-0.010079909387503135,0.5615289300895064
binary,3245297989714631820,10800441170616952684,7920699186705039834,7.885007659235972,12.010266360840903,90.47403025891448,0.9867815687473271,127.47185494381824, -0.7716621450819886,-0.4185281071181683,0.678035482995659,4.595349433506413,0.7321549832715678,-0.3030486329530269
binary,18299457591942050051,16332988803005209417,2058962842505247246,0.1379547989052893,6.4189548501531375,88.25530456780699,0.7088933278340036,101.50203201228369, -0.758857517446081,-0.9576429805940136,0.1577273274354629,-0.5480976738748162,-0.7141830105638407,1.1584958827273684
binary,10988533188081625820,8197767066270170106,2692681170830273000,0.9559660195610662,2.6153275599647077,478.43401178739464,0.7121829978722226,124.97404956061278, -0.5134524596002937,-1.747134510022517,0.6716176774832526,-0.6114412122562807,-1.4564347460756104,1.9249971810866677
binary,9147257500017048299,6637805878034510504,9419135212285445284,1.1751859040452777,2.2289882840538087,84.97600657478978,0.44373013446265913,60.72839008207851, -0.4051511147698865,-0.4030989939131737,0.6563007130004261,-1.064516610454792,2.914058953413374,1.9346740911858997
binary,14316590408199472649,13238046794154996206,3750211643517909277,0.2602413766824448,4.032439075164374,779.180524556435,0.4710729478732623,102.89173121104949, -0.6372700757322609,0.9972960539260901,-0.12617370110661222,-2.0915282609466566,1.3660890808777384,0.75706120035478
binary,561352304431879205,16780197225714056650,12900306380093641539,2.634825178649483,3.7247412390953247,31.02432593084599,0.38924876717903245,144.6322913065263, -0.7375237036018462,0.007810309315890593,0.8885071303240976,-2.844917094346289,0.9871447114566004,0.16461591183481986
binary,3485789989588844519,14218121592991090797,5834196400389437172,8.413863951708002,6.40571852231879,41.211215817747906,0.47360521229859914,72.17401313287886, -0.580150008517823,-0.5716755291093611,0.2277730239760454,0.5672214199926797,-0.004786367028793728,-2.90899365823391
binary,6350968543684552326,9163032727876260074,10386154622506417922,2.3855827041875792,6.6618391219700195,132.07339306632855,0.5601304845172136,76.94539187084494, -0.6342848048356378,-0.1693441984953257,0.8081231679599009,-1.9791061996974533,1.1416097246821617,4.655702937099912
binary,17804004872488049274,10502644408381960003,8881771179538164206,0.48747878857773275,3.036852206756717,530.2258559719829,0.5527363706061107,137.689730413633, 1.6899365420722405,1.6091925643215,1.2032251054111747,1.7510365777239882,1.761578352419758,0.6219374140941948
binary,5100487209381812246,1895607021641474366,2426463309057807036,0.42741958437596106,9.873949638060717,878.2804678248998,0.6119936447242582,100.66323762954028, -0.3898529971131634,1.053252012486667,0.49155935467507506,-0.6637598884236203,0.9177482472052314,-1.7950131424523807
binary,3104965322769000842,3403578167288888482,10218292740074925291,1.0357921243986368,4.919921037257972,52.65205394717539,0.7645821852102248,101.28200991706136, -0.21073382650586905,-0.4362462287279795,0.21043529725815271,-1.7378587205498497,0.20339356590769356,0.017141627476000357
binary,4234205104366460803,15643148407388183032,3885564814263670231,1.7809988635607208,2.5967486049113786,73.2829188820545,0.8698212409011293,64.10241447905753, -0.0258709524035248,-0.019727460980421014,0.7369321095125005,-0.43684782303913083,-0.4130281813885338,2.128692440898102
binary,4606765942770872945,1052411855798696962,10013235945976827067,0.2847319837117761,3.5429791323197692,470.8622411381347,0.36805879863092705,76.93549381659388, -0.406205230842931,-0.39022237156246253,-0.36955699393023067,-1.4033064606057488,0.8425566068536562,-1.442170145950201
binary,9872500091973135770,11881264587535284693,16811130958477137020,1.3078607422549373,3.053779653883822,122.29981173272435,0.8327849955972155,91.51277490619175, -0.7419658126951837,-0.5236335005346286,0.668735538671252,0.2899019120182775,1.1664486848822615,4.687059883236936
binary,17001758844162094894,14853061978754629421,413735783976340955,0.5107154522574217,1.028132392454645,31.471105730849143,0.8663743295651487,123.78640197531995, -0.4969485138595411,-0.5248958834705096,0.2735748050829013,0.34036285975032965,0.9222267486723825,2.4952468279104507
binary,14084276786003456911,4011097253231743214,7565410505522185661,3.70389503833565,10.128753112278103,112.3656248060536,0.4979195944844129,77.82800667869951, -0.9350287806272468,0.11485610886572058,1.2398297189879104,-2.597979158749492,0.055478062098757074,1.0148053673781485
binary,2572348223239472943,13509247736640114056,15353510190037693669,0.762185492515566,6.35370578635653,68.29271390033037,0.8998647346576815,23.105519958012138, -0.7728793946189424,-0.5494593945147438,0.6483329782903806,0.7372329183831784,-1.2560715191727547,3.726452877492467
binary,7590602303833619538,9164891202082221344,258909341836487528,8.642593055917262,8.088191062219003,21.762393518167677,0.7456498769398003,91.13562261509234, -0.3521960102717126,-0.4926140236687395,0.27479215476364327,0.09660131432288283,0.8243354483739933,0.20253819263530906
binary,8072565939834432798,13174283758315116123,1660090282955709204,0.2385825789555108,4.412277252120101,67.69377702157306,0.8179931133442658,17.887074760635628, -0.5970185480755966,-0.7816085055893376,0.5153918735267194,-0.6457220408361347,-0.8502624439869435,-1.8798885744680593
binary,14196274750773344009,11182797159521150541,8878591085546932403,3.698523398728556,8.786009495314536,330.69526876506666,0.6415125009317363,59.618969665447764, -0.16723743545612868,-0.6141620231133514,0.01485024279833807,0.0646880275678074,-0.2427458902903792,2.567667428300695
binary,1142127485111071497,8107731474201149123,5163624964564710298,0.06880079492046308,4.822480791015619,16.82586234824704,0.6973858811804106,75.76445540807615, 0.47579891926337053,-0.3901773292289656,-0.05358092140722112,-0.3415071823349928,-0.7195044502523815,1.7801789922269666
binary,508979739697467775,977508573021224750,10190656733306357289,7.502605455054512,14.199745329000407,68.02248247576321,0.3713459781732968,88.16919955256596, -2.6025148252588357,0.9149042527320908,-0.3547425331617164,-1.5342380731115433,0.4727275134559384,-0.2913795701112547
binary,12024197115241164398,2435809847177979399,18423758041854020453,0.484011996110891,1.2414262954579007,180.6222496605814,0.8657814372873971,25.70598669780796, -0.6616037442449438,0.21774469819752917,-1.133100722870021,-1.0787733847068999,-0.3398966871001056,0.35263876827544344
binary,13142905991801469578,8895446912482488888,17970794123457882992,3.8621068649644665,2.7701044883245425,370.8659370999875,0.7742826028368093,24.09845874364717, -0.9555750582135132,-2.046216346716381,0.14189323919300367,-1.7057544292847187,-2.1589068694307345,0.725082643356896
binary,17705187156028683465,15012802109957424424,11121729121293527823,0.6811968034207012,1.1116500217494598,15.282639164838173,0.7435619558683685,36.00460200302822, -0.02927912064299332,0.7071683412259341,0.2993024925832885,-0.10864639844842054,0.579564262634824,1.1389998684698113
binary,12151303019213007826,6911331976606207242,13678587217697301639,0.4688655767897257,5.334411543714436,298.68987352183177,0.9606614858691084,161.40306765539978, 0.347097167215774,-1.2543280075668337,0.7271500556428041,0.0681817291617215,-0.9195379405068282,1.7147997640684665
binary,3712355863599453515,10193780971643964191,18007366817247300351,2.8931962377574347,5.783304520890812,303.41205835013466,0.5218843341725088,60.60754707319455, 0.1053244874269442,0.3621582378955951,0.008392625467545526,-0.7312190416585915,0.9098303922165653,1.405667776880012
binary,6930332374916151470,899757753057075145,16611989665183565559,0.9110329581102639,3.2663093994629384,347.30593982607354,0.9728997684326388,31.472471245373725, 1.8105234558629624,-0.3010755173563441,0.7642158938356325,1.336669610054487,-1.7972128962250646,0.4059540365296005
binary,4377974697680117411,9878580506546945124,2815892467152750481,0.2445076436718852,1.4478766880264056,75.91562424056353,0.6950405570129059,155.00065839521952, 0.8832426743130009,-1.3551159752602004,-0.5445164896957098,1.0763576919229068,-1.3645268352608664,-0.011826877893204534


In this session you have used the AMUSE modules below. 
Please cite any relevant articles:


	"AMUSE (unknown version)"
		DOI:10.5281/zenodo.1435860
		ADS:2018araa.book.....P (Portegies Zwart, S. & McMillan, S.L.W., 2018)
		ADS:2013CoPhC.183..456P ** (Portegies Zwart, S. et al., 2013)
		ADS:2013A&A...557A..84P ** (Pelupessy, F. I. et al., 2013)
		ADS:2009NewA...14..369P (Portegies Zwart, S. et al., 2009)

binary,7435478631434344140,3264064784825179876,15001745843158286120,280.78649648867224,9513.653598718132,174.7809854099121,0.9053364646605274,77.04421612066504, -0.1701830704310184,0.016910795763335085,-0.11543642717919415,1.7461053733799954,1.2834814812311581,-0.07906601841733622
binary,15566982146768527226,8380108148817829458,9978380220625151945,53875.755848419954,42791.19409051113,249.49309099735896,0.7517311611119345,36.93190001643095, 0.06910559866573919,-0.015869371359335905,0.010937872892167962,-0.20818975845894253,-0.06193328419474809,-0.9444623355492364
binary,760208576995329997,17853482100852398817,15540868363771642625,0.34403783957011197,5.831336378959679,363.5030267485134,0.8743333307182672,89.29769676525882, -0.525887095376587,-0.5269534200024452,0.710142811627466,1.4982750385059131,-0.8669339574151513,-0.317538871276096
binary,6978495980802007904,6809932024658317005,9894063895744533699,0.10392554620667417,1.2947267569911216,608.0579863113666,0.7260282583503214,105.35128595905688, -2.1796108457736727,-1.9975132558349549,-1.3298705224888514,-0.17093826165874995,-0.22333198510949837,1.1811703897465096
binary,7220284309028793253,2537158857446921317,1351680591205732390,0.3973281939235074,3.3031921965059325,340.33738887697615,0.6419655288007416,26.342205621230498, 0.17569577912653314,-0.5927140908889464,-0.6224092842427255,-2.727864866361927,0.9720065769268768,-0.016343052021968965
binary,5143382648887670592,8428362049887207787,15323637196916918201,3.0412569933118467,6.062403225815108,70.25366101370753,0.964865655802618,49.01968846959578, -0.22375504457987733,-0.1477845672289699,0.005247586708338983,0.8735618455102963,-2.017303793256632,-2.2146323081386816
binary,15359566214271524959,13254866479827762772,1887767524646901860,2.484268771598639,1.838380870363022,145.85188500274413,0.7085595687949731,92.30315287815657, -0.6096069142036225,-0.2060257747240433,-0.013861555465960924,-0.26961197441593043,-0.22234400617720046,1.4027058318568681
binary,980051062614718567,8766177399342804523,859893371357315362,1.8902055827253275,12.31133291835082,659.7457354320012,0.6774792475856175,50.861839687629065, -0.536754047594718,0.08290602235757005,0.17832595423630973,2.370540593878097,1.8757214514070137,1.265406946178254
binary,9368263162977676231,14706612459870007649,8123575519849545762,0.7283217058438138,11.653052009418206,414.5414618022115,0.05572845195729811,94.94319486448563, -0.156355476870173,0.18531668363178797,-0.027736609655773934,-1.8099882015165447,0.9892582923062226,-4.61713709102051
binary,1513012508758920676,1686139488698485429,16382962623878482329,0.08223630217216521,8.672725563107475,80.33872835426835,0.7085591420279573,122.6804414532698, -0.1929196441604428,0.4383036227664408,0.230516695632516,-0.23543572626043233,0.23954539970806907,1.747402698238958
binary,3326914932115323432,777557971653379560,449645915242104742,0.3366588008310501,1.058781460812771,229.94390850613908,0.8984628230850784,59.512174866865216, -0.6931612943978493,-0.421366281252405,0.7079386732216671,-1.6480920038697948,0.187965864619902,0.7195842738535789
binary,15379198898622034316,11171689071313981156,613509110573787961,2.6997128686736658,6.110266495630126,544.5474452745693,0.8228516644184896,29.888717978350524, 1.0586807270955207,0.9240637571745877,-1.8567292311770893,0.48704443593411734,-0.7850348349198537,0.9703074281367091
binary,6740660533039637443,734493939101383955,9045875475648959890,4.151460742028359,3.955391113996938,23.008029004978937,0.7135430295771257,107.89509193878534, -0.010462286616436106,-0.1831452993489258,-0.15810614079820604,1.7220074910254095,2.735765454829673,-1.9137876112943981
binary,17456766479423647686,8489842692564343914,17425094319147805174,0.12992636019420786,1.6749487705134662,757.6949449398746,0.2179734327871449,55.225419033431656, 1.1816606645906071,-1.3952837011575598,-1.525473416395405,-1.0593764903894367,0.9093422956749773,-0.13975358180351383
binary,7441622473542718324,15259521766315861383,8927060562729780215,0.4941815028399257,4.132885874410922,272.19975303476315,0.43655749606586813,24.480939675293186, -0.05563335969205525,1.0446857420790086,-0.06644938767306473,-0.4637197882557166,1.0575427016068333,2.2397717610572294
binary,17344400386647000416,14876636825235064820,14529904436512254146,0.343583787398736,5.625738746664643,166.92517591636732,0.2944520649583111,62.118419323329384, -0.7369065554920473,1.1752480627563033,0.7446390776069455,0.6243729255714441,-0.919285803769458,-0.7749920006798923
binary,6816779057422219491,16722324544121838807,6819098350085884431,0.1549308755423112,6.445384834480801,182.97037138904562,0.23173188664366395,43.42523575592309, 0.20311250739397993,-1.0123226762310307,0.33414424801767706,2.2276675227595795,-0.38558310709138416,-0.6486564878905414
binary,17512074307653254467,3013525956664589158,8023930829751315969,1.7533894432825736,1.9971266985739462,124.85954969808687,0.752237534749624,94.44963474410775, 0.6941715964384991,0.2419630532750358,-0.089567137619568,0.7098737793243399,0.26220638383468065,0.6891961970255938
binary,12108786723703570188,12182377094768384559,9394774256594288892,2.4114245126404397,4.61496046867648,525.2948689837438,0.37073621224108594,147.69130352531414, 0.16554445790099487,0.10136305382360147,-0.5060602890686547,-2.002987972647495,-0.8267743222937238,-0.6995321943260976
binary,1718725620752606980,3220333182760749365,14702615078443197788,4.514043793855293,3.3692047569374672,146.52392056372943,0.6034152250521252,26.001671464718658, 0.5567792695190712,1.894367093951651,-0.3490441244303952,0.15833167036828225,0.36662551247529784,-0.348153771397025
binary,8402038230469124748,14552201931816273339,11002398855647178440,0.8277542562130845,2.4641383268542514,134.27773987927478,0.9486665474609552,32.629953912455804, 0.04348726618252916,1.714680158221802,-0.3992482239468965,0.043494416312875435,0.5090593287118992,-0.6692207113633292
binary,3440432360987544025,16978084495340822951,16909263657494085565,10.962760913830929,8.849202055983046,174.91598929650434,0.8702900990329229,88.76183999374707, 1.433256985859854,1.8615956985767648,-1.3100692029817964,-0.6353883743559573,-0.6156183780549926,0.10674729720630059
binary,15485596575027642525,15562901199717812904,13368071453764796056,0.2894527877070648,1.4498085526639615,111.88557667512929,0.9288317661354459,85.93698654668039, 0.17424633857011493,-0.13122777407253047,-0.18674951218090868,-2.820552565222575,-0.3995012151271543,2.40196560416893
binary,17973195755967409638,14577728554907104263,1266672233241473906,1.2433713001105358,6.5753478325047245,42.36730614617402,0.7921282603397789,36.76386206969242, -0.11208329024201526,0.411360411838618,-0.40495217293023883,-0.35067510179439015,0.5392332327267847,-1.7291111786174063
binary,4968111942140930917,9896114289633354790,8676225844630960200,3.3239693016454677,4.1204766182191594,16.985174298691323,0.8438165741994602,27.832966991291233, 0.1939748690677345,0.2087030335633201,0.06340773697617681,1.168971010772455,0.01046510170406099,1.9666991911302116
binary,7371867256495323976,12832936852652898456,2628602269353634755,5.229016863763218,12.960841512147084,617.1745840386835,0.7715281523920333,53.460624710036676, -0.20017455305039034,0.567958884146548,-0.08829405490452728,-0.631634955543379,2.590100036479736,1.3385063465506732
binary,15473327781739753793,11574896116150812378,4650365760238050739,0.006817070855407798,1.2243151753243793,300.9110715052798,0.2989933362599956,123.09210060324934, 0.7518288600313692,0.3391779664620806,-0.13699581861275104,1.0833319973037636,-0.07821643639937384,-2.9371058673869546
binary,5199344100446803005,2770139414921769871,7150315139370907189,3.15289539036767,17.309429815294678,80.0911123134308,0.3133875481006657,11.478204192477772, -0.36637605743010565,-0.623988522932207,-0.15822980452379085,-1.562032224785322,-1.5453340344158373,0.035489353946288826
binary,17025544840607962078,3872370101843533298,15436641888853946706,0.15436643333871358,1.5006894326628726,24.672743855563088,0.6997033937698236,116.51262512480031, 0.12952421341319956,0.25500757925795736,-0.34217137680475157,0.8798696209429908,2.4846250597185464,-0.26562550598951346
binary,2627294456116152925,10620473252240534300,259604823873276160,1.4925429092387636,5.339271000612541,364.597908335926,0.7426858673246756,68.23193449756126, -0.5335001948758622,1.585268300064192,0.15648571525312596,0.005916589697222678,0.9415016944792621,0.30834392042106284
binary,5539673350146035143,26606570821933504,13385966079599622459,0.035131757664254436,2.0115118903222626,15.343337885683821,0.20202441206058694,111.01736985461405, 0.5303610336436216,0.03208071567258557,0.046892771312594506,-1.4531530737611336,-0.09994808745072717,-1.3950366798190665
binary,12197798013309094971,13027470568186403716,1984607330460673278,0.334878576051426,1.6594867632812116,19.242827475788943,0.35178701756895886,105.35314055944407, 0.4853999675224077,0.6888850100537313,-0.12260745219147308,1.3197431981480605,-0.0519865111546473,-1.9969206433647486
binary,5073799330269522097,6867444917031733971,13777319260317902393,1.3508743740143214,2.437222848151863,174.77600036940785,0.16125227548493773,119.41782736474357, 0.3060159082542796,-0.27391244676414067,0.0008377160006379605,0.5043802903401832,1.7365999576400302,1.8280997617537025
binary,7729923958022567143,9017690545269910158,6612547010517041964,0.3419402336728701,1.9001478654556865,221.24712818321365,0.8748496709824289,87.50471702659597, 0.8617328568605792,0.2695029446464282,-0.06694379789989681,-0.04611533835367951,1.48611220624661,0.32078875297329407
binary,2942435542895266065,12553988111036842545,17506143806043220852,0.038304019643161165,2.564525321632863,16.175171243862938,0.8480746282392505,111.11064216104909, -0.5264433994833835,0.19714899860257526,-0.23986661798260595,1.5081287796742688,-0.22623578848400058,0.13831044966854633
binary,15197677036306674001,6291589998520220539,6621106895798116849,3.0219791188251133,17.001370495171233,104.85473704584115,0.8342956959007317,60.319704495680405, -0.5028602835244612,-0.00909046183840209,0.8418970916025741,-1.2214034014168422,0.9935840404897045,1.5972655233324862
binary,11541155137090601993,6426738366845444622,3692684094119926524,0.4604881094440708,2.536836368571914,77.48369993303086,0.4355194645822763,67.48999029877578, 0.30539941419649735,0.6219142101880701,0.849467171985307,0.7806743386512431,-0.3625327116032944,0.7325194293482447
binary,13143148906967961756,2650395946842024472,13042169600290765415,3.9773535350607485,15.424291102402558,199.36260516588013,0.8086938252747317,76.48199875622586, -0.3504309329586189,-0.21815898082517596,0.7004802813317268,-0.5699466796775888,0.6590367853698418,1.3760798578896614
binary,13912414759665152173,14567790204472093666,9835535625118188614,3.3586404167733326,6.867109095657766,156.33011375354738,0.6429890831056312,141.88038143917663, 0.44644196728571406,0.18009083793326894,0.2424459065011597,-2.159403823072575,1.7845544999880383,-0.5451590140211214
binary,16356658700456948371,4658866654866715894,16327952236891093574,0.38975500813332287,3.0113530624538987,194.7685874330897,0.7976316876858733,124.5861440742756, -0.16469438616765614,-0.17215605507449652,0.14514551319995653,-3.0621824811971594,0.3681076718200008,-1.0579982985910215
binary,16605318176718125139,6158163600388632955,7593606659545072954,1.181129603025369,2.9859679027551107,24.527344866424418,0.6390164991032249,94.2125034413434, -0.37023177773042526,-0.13743019497529144,-0.0765841214029284,-0.5676588884035354,0.7796636245160624,-0.16631864487383033
binary,6213756193932920218,17558846339780232664,4638779775181243978,5.800295359268274,3.968481748571192,454.3522311529028,0.3542731824154506,54.193864564077735, -0.005646816308834704,0.36124856563381236,0.08378169782244768,0.4211082772512049,-4.650708683407135,0.5870723943510058
binary,8846849026858603189,2211089772827999511,7362641977760994049,12.812378928066117,13.172025164874936,423.3230318167863,0.2678793973783266,151.54345891306357, 0.3568479923584009,0.17419347969370125,0.17242676188479703,0.20004759906628783,-2.5714256877037514,0.11812342714407996
binary,17813561697600475601,2938484683970192618,9260363638515373679,1.2179069884006073,14.120215056123795,11.825241877441352,0.5594752079406087,114.21994056506588, -0.37111278731123404,0.003859422695303638,-0.35357610932886124,-1.4884077412910297,-0.6928729047661516,-0.7909270412524334
binary,4561086643011702075,3555575177005132399,9232212759445866273,5.593873161444291,14.143455620808593,187.79474459864736,0.8353794835776165,90.18458280702417, 0.12782500686927406,-0.0864981591045112,-0.23622598844228362,1.8958814040283878,-0.9857469379770405,2.1584388280757087
binary,235440812933459760,5003633336294690970,16620579920918872958,0.726133635675354,6.64419684686553,16.931271173731258,0.5123106909502839,138.02439947423508, 0.13840275465215524,-0.2559890900193376,-0.18063510042369416,-1.849885976832496,-2.2131088474065317,0.5064720490536895
binary,17030469391685517775,7480311597544114692,4256461231640872239,0.576656069928129,2.713107218686953,957.8010712760941,0.8641363493485168,112.5527037257898, -1.5876250854070495,0.15493507268250384,-3.8079096471610288,-0.6780550206056765,0.1221080559568885,-0.4989100809498901
binary,1189213666031594852,2393894831127732394,7771744845588234894,0.3090109485438598,5.949744123284253,70.14264991237692,0.46731445966484253,50.44998235554873, 0.10665342181882814,0.19374724074449212,-0.28015159819086566,-2.8971691767313215,1.1664398654931418,-1.2160686631874504
binary,15292284338488337214,2146551588743659919,8766455927683085753,8.355183801654253,14.092008566367147,16.41329723828961,0.7647310142984438,26.04014888914921, -0.5651435830733582,-0.005219057955495892,0.08963660802584358,-1.6171337597864868,0.5707353182357726,0.8665159821512292
binary,7556067016723643925,5002319366940122923,16032457068366527681,0.7978675599951361,1.3923595954570414,45.96834832748815,0.39631352189037294,108.30829517762452, -0.7825492878227587,0.08512254920214432,-0.18814525071520188,-1.2099104744821267,-1.8883175681156876,-0.44286274977533674
binary,6520413571352727213,1695825316580385653,17670463689913285793,0.3059675234076958,1.023004799827391,316.33361743283587,0.37861672502773597,106.27812875207239, 0.15118695907365617,-0.30310402561790756,0.44474347339869685,-1.0044302020624891,0.3992411684677783,2.5534528739622315
binary,13307736598236672580,2177419002964881993,18055497242516682557,2.322410642836872,4.242135430260047,45.208411774010244,0.8707379762540288,74.72417332298654, 0.0407456567846106,0.25566775900051325,-0.19589599177728342,2.584068893321572,-0.12637063079370056,-0.16390718636944746
binary,11999676528541577496,5147208194273198123,6190036476562730368,0.7257343664215548,8.755005644871053,258.97240086584253,0.360710873502006,86.83601262627282, -0.07627839927762231,-0.20164448461058665,0.2779997196341749,2.7945580793148475,0.46044575815948763,-0.4389118107104833
binary,10433041105573252408,14687539904986236948,11746246510760700843,2.100179624138194,2.572994604470936,55.06306322648785,0.6370733982281827,109.01687758565933, 0.6447944066297823,-0.6528789568491883,-0.5326856618289999,-0.7517397274228708,-0.9982789640419059,-1.1457606146443846
binary,16450433843895716562,5912201671539486569,15920748192439371011,0.29382329068404134,4.9302061261725,164.6328319997299,0.8080391098538553,87.4516757995453, 1.0714114349691182,-1.5293017088006764,-1.358825943481078,-0.5054661270577687,-1.0318442058591062,0.9210604112120506
binary,14390455360144129765,7097173080022107569,13976682960481841605,0.1638988403715191,1.0183391722008033,101.7079869008514,0.13281651706853853,113.63878365922797, 0.5282093794225535,0.6546236409645465,-0.07668272229905017,-1.1078710722122929,-0.9059470876295855,-0.012987968554526294
binary,7814625383388544622,5967128681793833873,13974455292483527529,1.5360772525216173,8.700096554974094,196.20663525629752,0.4720865792552176,88.62226129703811, -0.5858947635253966,-0.03184279945250906,0.3419568425789908,-2.0171580629046137,-0.1721601621245942,-1.005362294265734
binary,5711664529220669077,3698380380310625903,1474553331199082169,0.286027787991583,16.103510750485857,420.68073527952936,0.408100920747833,75.12292369816461, 0.3365421301175525,0.10968879584845842,-0.04442420205404526,1.8795053414140268,-2.8472049776834445,-0.7481430549592177
binary,4498241780504930481,6082823796835270314,8147240566657594158,0.923040228836039,5.367737478078927,28.42222202343632,0.9554855978934782,17.632373909305713, -0.002634723487075622,-0.17477107671339662,-0.27427287046034493,-1.7996658530261107,0.255612256845546,-1.5988555780143603
binary,12359197081007293875,6492384062129192142,13221554357266262933,2.5696766654066994,7.115984731889787,427.6753066661585,0.7889480404220741,86.60496132131513, 0.307001989289396,-0.03885786662978362,-0.12946412528170026,0.03243133398220948,3.7191000771004514,0.40262431983756813
binary,15640887012662627830,14519602845043120835,11920191522167611868,0.027926461936864624,1.1038232062651063,231.7441345844982,0.8075678097583732,155.03189786938535, 3.412610417604669,3.5278928622838954,-1.6744912959914229,-0.08436190080935882,-0.42661971356172956,-0.08788171580182173
binary,13679436079616046856,15221226552329132232,16848633518266557788,0.12593564855370148,12.550151362848872,81.83344251364619,0.24130469319513093,66.2081641237156, 0.06568993087664197,0.11852900220369025,0.05067441415537947,-1.87688821550051,2.1317512743470646,-3.466999164447237
binary,3596651450549389287,2485832422641073743,8638491140515844032,1.3481953371852058,9.705849566045949,30.201707487591705,0.5546839813402044,72.12398396104511, 0.027718980266489866,0.19967213939886727,-0.20254836226017545,-3.6342023532310566,-0.40343477093333874,1.7613582979547286
binary,16960676605975872502,16434637932238050377,5188192703654564231,0.6932051072413167,9.399921026120886,891.305782732405,0.41125962411021255,87.23307109972143, -0.023698902012091787,1.2363384650088194,-0.23817881556791223,-1.8152664459437593,0.19137374495418577,-0.5999303328214437
binary,4286733328127823848,3182491948947720678,12662169558918241684,4.046883359170338,5.401412264095025,215.6764715363654,0.7771703470492174,117.957360470669, 0.4115812501618246,-0.24868090430497541,-0.03871911952509042,-0.5797139132956945,2.408451938420884,-0.6264370769354619
binary,2860719085992396754,4641733542631108443,14836720070720597879,1.296873065152355,4.088907535671858,63.87090267053104,0.8425081556484482,169.06806630690605, -0.4115754792570322,-0.1319741861608093,-0.653243258580162,-1.551182746531627,-0.7535218149506231,-0.3610548226091023
binary,9667272027507075724,14278980091188495202,6960531209071958160,1.0050253490353471,1.7676893394575188,73.21292436488409,0.9670901757549805,34.58785806634843, 0.006876688161704685,0.05158599002872778,-0.08432042974031535,5.0912415164820395,1.8307848334067327,2.760932612061982
binary,9707095727251693617,12248709763568889881,4947484241960774618,2.060444690020611,16.41086289054503,461.99066084006756,0.8263193587116868,97.60995592226877, -0.30279304102998983,0.2779494227169824,-0.066585956384281,-0.3296442310159787,2.865628479090919,0.2870866529031943
binary,233331681511405027,18428492019066297529,244379985417974850,0.14122034334728567,4.053013314757555,280.0791905022415,0.5600269101901952,31.835037649992753, 0.011757418333622116,0.44143851994466654,-0.19791199669192386,1.9887547116872757,-0.6958896060768013,0.8331208680115427
binary,17400267024549831781,13956277882134085750,7392907325206436365,4.808576129303789,5.245469044474988,76.89229831459686,0.25985267025287945,11.079269309984182, 0.3610750557966742,0.21931968970017363,-0.1342238045353401,-2.295127085734515,0.3590336158479756,-2.3449394884135404
binary,8351529174275457811,9681333231083018715,16610412441741191804,1.0805207290930687,2.9245967878456414,135.16713581546233,0.6685234985476683,104.13060999950687, 0.5234293086053471,-0.1779799832872313,-0.18192038503474117,-0.3033240304937762,1.7857609066132971,-1.7918562478827866
binary,15382016696133851714,17131582500044977642,6428119882658144106,2.0422638271150935,7.123695046192589,255.40613565959424,0.5058798407833789,66.21507177686368, 0.18687300812455085,-0.17898530172902544,-0.7764255458990345,-2.3475092341954906,1.9281042657285974,0.29805542464003487
binary,4822314195216292124,16143564014329885527,1219272134701108046,0.18532498447689882,1.0916477462227723,684.037290350158,0.07638650800213817,117.83334763433774, -0.6971936799253142,0.9297436614493856,-0.555510607108393,-1.373307789311066,-0.7704175265933114,0.5818948485616176
binary,16076248548513037439,5229929189665570406,13367812322031811814,0.39338825401698774,8.874757057934938,50.68296033718436,0.4285279483225054,82.7780398521462, -0.21944865111125636,-0.10981179287485816,0.211102616019695,-3.2268158142860557,-1.7340186301137246,0.3997841597033412
binary,4156372245022768004,11881009978985402783,2267999947400246080,1.021838758878924,2.5007918146891868,48.29318140279326,0.6628346144860305,108.06651231753733, 0.5703255670990194,-0.20068533069398048,0.6410867412076423,-1.3665223702667446,-1.1961776985694934,1.433570134587614
binary,3960003658620666127,11091693289014863691,17614788288146744498,2.3253989287085237,5.3433785384968004,61.039680456919776,0.7561649080907691,144.6291534742638, -0.014160505073571623,0.39476507662886856,0.08316734301303155,-2.236896321427476,1.10519178826823,0.19824723290814067
binary,5387404189736039305,18003643400023708556,4456437895725974869,0.5302442952440346,2.620245682592251,76.51332253535423,0.9163322004517862,41.09453310579355, -0.04497176117267158,-0.06148294807212829,-0.3659873122308486,-0.3344890417116467,0.1449964101043763,-3.17035164426238
binary,14276062233894512415,3865450269938426972,18143251658404360181,0.16224303104257914,6.005836367260589,29.956173579625485,0.4124988426528894,66.19047971111098, 0.36572818676605456,0.14841618170201445,0.04149553491293822,-2.803115989917067,-1.3361592411021503,-0.9252906157403347
binary,16233404766718924652,13150345592494991,4671607318798633885,0.3564361871271044,1.9262879571055338,791.2535562826513,0.16665934720823636,57.74465760105288, 0.5131115120685962,0.671588844320598,-0.6556406905070674,-1.9310682356008961,0.5816776831049426,0.5468991085485062
binary,9516978182447846314,6554486905530616168,12737468422563109106,0.6453155653846336,2.4789869848652617,82.086763903435,0.38070025192458995,129.21725088511107, 0.5773688325675427,-0.03110187128672085,0.0012442520266764498,1.2407126127260055,-1.4791050317625705,-0.5844949313713327
binary,12860363952654161830,3137914179513986669,5923943668782743825,2.1138229329384393,6.202659483876173,73.17756017005551,0.31996521962668345,72.70322184790417, 0.0857822031442269,0.13950071184567076,-0.13496815555177138,-2.422242079931887,-3.353117659917044,-3.215230902497071
binary,8979807006981399043,15509392906690756289,8233299493895462333,1.438790322844505,5.2288224106843675,82.81204015439398,0.5486920809553373,108.64795026513707, 0.5730227980717139,1.1612955838120156,-0.21296161860858365,0.9885656931530042,-0.37010547387248754,0.5130367443173507
binary,11137181789422292300,12273721809660627650,18052185980193601867,0.18030273694410293,1.066935323934088,414.89524517953896,0.75154959472638,90.08907490029705, 1.6681949421857025,0.17682560735857913,-0.590258457521259,-0.6815391747919493,0.9596589654803773,0.21887332939926454
binary,7406104158085388997,14906746676095468011,16906007986807282289,0.3928815296271335,1.4782717151180114,562.1998560615208,0.6701613051193508,126.96746094939114, 0.7158109072854879,-1.6171068889397573,-2.2729426966747455,0.2283988907390448,-0.4710489479055219,-1.671371642053963


In this session you have used the AMUSE modules below. 
Please cite any relevant articles:


	"AMUSE (unknown version)"
		DOI:10.5281/zenodo.1435860
		ADS:2018araa.book.....P (Portegies Zwart, S. & McMillan, S.L.W., 2018)
		ADS:2013CoPhC.183..456P ** (Portegies Zwart, S. et al., 2013)
		ADS:2013A&A...557A..84P ** (Pelupessy, F. I. et al., 2013)
		ADS:2009NewA...14..369P (Portegies Zwart, S. et al., 2009)

binary,2889960862166567057,2422284271654191541,4526946607633021134,113493.35524910333,58540.66092051856,292.7259010985235,0.6199903579873762,30.021057998129223, -0.0708182183415692,-0.08998618551750216,-0.007220447491104596,-0.9484536976612238,-0.42133175281647495,-0.11840272300778762
binary,10813696712854959350,11493150938494533493,8341792400832937655,5.169769382027647,3.424640445144601,202.67330861324004,0.7777890510841508,114.38645581435452, -0.5438950173469397,-0.13258012671096092,-0.20570998056242276,-1.5126209251467737,2.1008320339791995,0.7524653435794508
binary,7896630961514323458,14492994882265748613,7713116746222705429,1.8800714904509452,2.627666688526853,14.28537830096738,0.49485204456241977,110.32696151871835, -0.6388565669259967,-0.8454203109237124,-0.29701606626166493,-0.990042344535837,-1.7854994858498012,-0.5416678352658746
binary,6150383955356545454,7927906827770854057,3824062776767519768,0.10768616282830781,3.6746882720634657,121.08569097766758,0.43189467335249504,84.46885046817025, 1.6242354731720277,-0.3776649448426827,0.9951079932201709,0.8535432494666993,-0.9395020342787384,0.936910207653576
binary,2846313556903903214,8519843845957383840,6850806695404758922,5.095649900988435,12.471099432095253,82.16287091924684,0.24207490005335483,39.23234303037986, 0.008932769963114642,0.6055635193686373,0.07332698952125759,-0.48751781051064114,0.7608047509206582,0.992891548401157
binary,15612376280043658419,4434923065775710779,4701168298383076680,0.46973277480846004,3.5061335989202096,648.842758563761,0.9442543466749361,69.0269564824061, 0.013611045617303962,-0.8907543203282776,-1.9982018870359008,-0.5832565233497173,-1.5966549992325356,-0.4521432146546007
binary,15395019819415631896,1706905014659734826,18244696531854818300,1.5375168084240083,16.33955498777497,82.66758443968241,0.38029086731184525,110.03676845082249, 0.24601263201575907,-0.4599937007778962,0.08934579783979785,0.2652808643433473,-1.8346427698895145,1.3536999872471316
binary,14048967694388883617,9636517779683878002,9848090532446331368,2.5030871753164203,2.046310304723977,61.83660816211757,0.637160539099069,114.06955858524329, -1.5597579329786304,3.1913653965415434,0.37688054767930046,-0.9408534505349789,0.6660849230593707,-0.4730772199713269
binary,17889411735736001468,10100826088036095198,8038020659787253336,1.1108647090107313,15.97274037612023,107.7402002176863,0.7791574512142245,78.56426324092256, 0.032671643569113035,-0.23660756542246691,0.03465826571550789,1.4586947693510313,0.009815069799511618,3.723376809257834
binary,11600310947782700708,3773805365912261619,6987717295820773926,0.547087038737282,5.084150973644027,216.91626143056644,0.4236551490886547,77.36239644638897, 0.2807213315862181,-0.18509085141331016,-0.03562234679884534,1.2806721785300823,3.576637286985696,-1.638474971325291
binary,17710582799925868106,15034302104718357482,16111166517833582980,0.19479828557495363,1.4571747142112155,34.740349960668105,0.8007366433419044,111.4249374435263, -0.6260107359268894,1.3762065592538055,-1.0396754910270225,-0.18479731883024986,-0.7249073145706401,-1.2115298296716
binary,8514723330400042945,5534234278266953298,620388203680543525,1.2014140288013753,8.463395983042696,400.12979769035206,0.3284393083291537,110.33445152624789, -0.09575022962462933,-0.5273260855771642,-0.40118396602947787,1.7935231191671341,0.4313031438153232,-2.2131185643367655
binary,16838292284521242672,13391784416982117246,2831522164121845766,5.054357424901584,7.182332295825871,793.5763088045596,0.7511440264345426,63.755872863164775, 0.727606100024189,0.05227260748636509,0.4046503646690855,-1.0839814335302291,1.681411956665396,-1.3148923300765865
binary,1788340439193199402,16063587043835263097,11199047930101346539,4.450126925797324,15.32869235651917,23.135987428883343,0.8306792407226502,107.242436249376, -0.7438654146188651,-0.5718781678738909,-0.49609204628700754,-1.6822781832600602,-1.3204555603560932,-0.23449410495042441
binary,5025242998036684662,4347457954211172039,9982630012157918823,0.06866713907504605,1.3386433178874586,21.16239503594625,0.4891149971845804,134.03630179282197, 0.7642326152310863,-0.012080220101517759,-0.033175893240508465,0.6956919842116887,-1.974018552185454,-0.3923572540913007
binary,1409618649896780877,843064004663435308,13800619522109523008,0.541232507802429,3.924126085114006,106.50296789143025,0.9146419543888322,91.4476508414807, -0.21984592104304845,0.1484982267949819,0.008409897696585449,-1.4752391348184823,-1.8390204943368489,-1.7607612338789347
binary,4493545525564019491,10067166909279492101,14111576366146916129,4.456067239861229,10.982044503921735,450.48971922845305,0.7686396902281736,150.28368410392414, 0.5509891225142103,0.08940183773649052,-0.6722349313234888,-0.031975424237272405,1.4070698063173528,-1.2444815743421218
binary,12304339102238769090,479216761262710409,11933745577349026061,0.44108995422803055,1.0080689342977733,91.81101817915464,0.7728928189570499,21.755583958079203, -0.07988661456199898,-0.668398422611073,0.35463961148920653,0.5700688926945829,0.752305263704426,-0.15657359421368275
binary,9340540234319022468,3339514623379812364,6745189583007671826,0.914698151064251,2.4059214059334098,131.84326637831177,0.5406847713793161,91.94068413029008, 0.3109248530020458,0.3269427952930758,0.3793157718695676,-1.4719471013812115,1.1483928288569263,-1.015854114702789
binary,6478389671864226552,9128738959016914164,103976897037118092,5.097945849963991,3.705899823162189,57.33646613732266,0.4653879903283608,39.229562622831104, -0.40777259591429943,0.864416895136766,-0.2130599015331362,-1.1460555325429151,1.331557249388013,-0.09257565727127366
binary,814626583800162838,4084489620808783787,13429702394515959971,0.1975654973025481,1.3467540638894573,114.201607935897,0.7083245645209236,63.02916836185609, 0.2493764088453228,-0.45088865118602844,0.9852020976726269,-1.2837366044051952,-0.2959370325788092,-1.1968848969584327
binary,10086511676602423108,14100476499959942660,17802075043684181290,0.9608323325042963,1.5644693748678087,308.304593337257,0.48394685862387693,80.69489460048358, 0.03356429990531939,-0.19623782330733114,0.15230191345716582,2.0199913347252085,2.9907550672913685,-2.9337774533715524
binary,15634930682949778264,3418777474586665856,17536919268762631790,0.0776002825584049,2.2736910335567986,80.2938401058551,0.38880340370554795,140.62668015078611, -0.6179019318798573,-0.2646843851606998,-0.2036132808779591,-0.26083417408812404,-3.0329517952406397,-0.32900705336554703
binary,9407951065172375672,8262499557961884684,178640979410485515,1.0877036318147217,13.254613351495317,84.55631466489136,0.7383878099070275,98.32661110177447, 0.2975359899072501,0.06647981835868369,-0.5728728830618784,-0.047539294448712126,-0.7397024935788178,-1.9046289698792924
binary,4911618104467056718,8646040738776687336,2607938944556977104,0.04376213447011111,2.8369404405060594,46.211603820885536,0.3134690242481883,101.41195505868235, -0.5134048069300272,-0.2958146014749683,-0.23247356589731005,-0.35201879591689683,0.5080834317395193,1.168049053129419
binary,3072618515863836391,15230158178739069089,15662978361075873015,0.0561253248682767,1.9749447900967396,511.67344231190305,0.6648607717768529,111.15020429388001, -0.6419894546783468,-0.2646554794470814,-0.8531421123941922,-1.6036183277784049,1.8977442934966555,0.31976289538064256
binary,10632584018531036511,16381095910612492688,6803391841004510836,0.21215684655221037,1.7306122607393188,732.9679849232383,0.7866135188329997,70.92279012067732, 0.31698252740438765,0.28412682310565823,-1.0431420902458597,0.8911772833695638,-0.4508701516629982,1.3687037547339345
binary,9389819217710983742,13249648588073907199,1840999871321923354,2.022361794925879,3.471553962377081,74.2541416427404,0.871973184861126,49.33631690774934, -0.02039148403050417,0.442402817710809,0.07585779106844859,1.405387109890944,1.6911222561981183,0.5160966717048375
binary,5260735910364181542,15675418799832916392,4614524505940323265,1.1806015659688536,2.0675079081140035,47.217911245037804,0.6310368902399381,128.13467576043072, -0.5312386140287316,-0.5790125109424507,0.11969202932912686,-0.5923807782957498,-1.932246734861651,1.280005102017305
binary,11657044952115839635,17879627817391505406,14768110683368953597,0.16655792195185315,6.774324853643484,13.608941268999427,0.51589993646274,111.16544151696318, -0.05319167083214325,-2.393875408341092,0.12301264667471518,-0.20411449305477533,-1.8159908321361813,0.27053648969576444
binary,17152897725187967776,14234483393107903846,16821777844869914610,0.9213749594479383,0.7069235398463511,547.3497339393043,0.2539809191743283,95.57016800689829, 0.07245168164867168,-0.6470808810547757,-0.10332229793809383,-0.5809590353729391,-0.3026360337528059,-1.122750108817165
binary,16914200555098192850,1345552831221289565,51178834589159653,1.208590853151432,1.2915155643154894,590.206385457835,0.4556905527145996,122.5043441733693, 0.316169367742082,0.5618250892779029,-0.5244480720183419,1.1560153246525067,-1.9187249003186408,-0.776481913192305
binary,11073707181814484132,13161888050938163656,15199312646388541425,0.5938178535630148,1.482762087620799,42.70299213959578,0.7490157438586793,65.12645769699067, -0.16587770094465232,0.2564165727008704,-0.16495925174458556,-2.2341230501287916,1.0358070721680237,-0.19379965415278755
binary,12245004609079326365,6198570153850681248,15781968575974338190,9.056515234805543,11.649987091805134,147.04116411769317,0.9068108961925057,119.7364160329156, 0.31558315566618483,0.8174993911371171,-2.906277019639053,0.45428681848961,0.5306460458896152,-2.2100188429629304
binary,287939829178147503,12504387042302465375,12708167574475612282,9.861793611302177,5.3335002380217436,11.59205395677288,0.394121501781249,105.78363351391796, -0.630555629354942,-0.3132964436422058,-0.08041942858577077,1.7302945860829508,0.13936179083689323,-0.5884319455213763
binary,3811498192098560497,10129241226652968530,1549104527379930101,0.12150189075108865,1.1606653349660292,76.51131808816451,0.8084730852594272,82.53666079749799, 0.3389405427104333,0.3518196554997691,0.5829667083781087,-0.13445569865767878,-0.36693606761355174,-1.584677959992536
binary,9609118923090725463,466013939993510621,13894820205255633184,0.9517790720369071,2.714771717037456,882.3810386051957,0.4266363002653835,127.1009106483389, -0.7831210115006693,-0.22020272122729673,0.765669076700279,1.612346996244902,1.2028427288791648,0.8006608546057221
binary,3315936906632589294,4885720161731006185,14697556003751967318,0.12423738176389133,2.427384856985939,630.2631571618828,0.8705143523626814,91.06417240983865, 0.054998097194051,0.8681767152622046,-0.5312584769943269,-0.32334534553593436,-2.2432362186616674,-1.730775440196619
binary,1609623509233534353,15102281167116991596,17891493180064659354,3.7920632181454517,15.754143482531118,111.99201203668461,0.7754832865310436,33.49047515605371, 0.3106581178032277,0.25418556279057486,0.26105396582208734,-1.460248458259533,-0.16144060499276192,-1.2620503437144688
binary,17080834991865482816,8878924564358837921,16597265524788949836,12.111782126019905,11.16797886102655,23.577580674590184,0.8133612328383037,24.022983222853785, 0.060020171323150705,-0.07850960107162464,-0.44411631991033035,-1.6007736872939082,-2.163305213843765,-0.970521333231745
binary,13073045479198902211,7325205046383239500,8555691269808856307,0.1478766862019843,1.0424636380914505,80.60446674096146,0.3262313815152741,144.73547902973178, -0.4238683451185159,-0.17569263015651548,-0.06446968557196135,0.26507353944857637,1.9263448064564972,0.5256763199935897
binary,7360914415697136013,2313228172972537277,15250770720919727132,0.5134689769857427,1.1154304160237527,21.96733063140016,0.43887134299408287,160.50515953084852, -0.2424979025447117,0.3298585780237191,-0.08524467627178155,-2.104792092123362,-1.8088057479766648,-1.7640370316398843
binary,9656887895369899479,6046409371340930913,15715813739601102081,0.12062458109277321,1.204196668667094,219.70386024586455,0.9017193458579478,101.97819870093343, -1.5738836192976182,0.6765560366692819,0.3115366466469679,0.02608528660685378,0.27668107414525667,-0.4334649673188625
binary,720837059455857629,6655370606190690611,8598992775622363684,14.537755098647127,9.64761405780463,117.71814192822944,0.6945483256818042,0.5825715703451836, 0.28111719745221253,-0.5347725081585349,0.0383976037888106,-0.3456786593281335,-3.3237420454342566,-1.065614420546698
binary,12168621126545544597,4318323307207027423,3535607022884471168,0.5979196828247326,5.969969272335756,697.4948918963967,0.804503199398191,135.57163195269354, 0.12048979366201303,0.027627519210584046,-0.6727413151534188,0.39911110161377605,1.327851111952998,1.7332893148818038
binary,12839877449026795964,14793889499001639819,17901794233889539920,0.6990195515666654,5.701608116544279,189.6916772420631,0.8569640093934849,77.21328807560766, 0.4109195596105706,-0.02247332507493049,-0.7888155844335673,1.0449687345792738,0.13735617957762603,0.38608096031760825
binary,3760358144626870580,11239673989018210261,1120385299601342890,1.0928038820396164,2.8620095616109764,887.9339475345066,0.757471919846456,24.417241367775738, -1.096143127658206,1.3357907615122333,-0.7182709899900029,-0.2506010261811582,1.8557757016456287,-0.3316605629554043
binary,4777491955729877906,14406492299117426322,7451257193138906276,2.88803293573168,9.31814173381089,52.67970555552221,0.5116471264185876,64.50728149206087, -0.333598244136795,0.5386218125990345,-0.26723983421189507,0.7335737009744686,0.918493449073744,-1.1389937480578385
binary,13470919449561441944,16183967726429170271,17737840781258399797,10.831010568852676,6.668600954989052,320.0242852835692,0.5684601800066265,73.62777368674762, -0.9452034424948859,0.1645896047110163,1.0926446200965334,0.38736192618172305,-0.5836749881577615,1.2428036862871834
binary,17542037962892304692,6495094229168357292,17482475178916349169,0.4714126675565134,6.870039719994034,908.4695335615537,0.5281415799825927,80.04602467200209, -0.9887311243718141,-0.7809895462262427,-0.033560360774460715,-2.8050222515692194,-1.5265369332003662,0.18154035857173595
binary,13914434180152818816,10835179811350981396,611064867084174547,0.8618787079663065,6.255889169806888,97.47009410999871,0.31900278460865017,48.3838699012693, -0.3356548433545159,0.42300382834987704,2.649699322662851,-0.2983876548398868,-0.47634136054667675,-0.5846368719742567
binary,7768260014821248219,14946932506863518539,13982545835109273375,3.0094204196121916,5.3729501923379095,386.61070621766663,0.4653137978621566,69.02546681854913, -0.47401720740102227,0.28217787170252484,0.006379578907672857,2.717714564422541,0.1182948779658974,1.1600496272728313
binary,13159053788222293879,13019667105684199163,5920195859602776848,0.035243856301524976,6.469472620458415,102.64431291696242,0.5206131980573554,144.03320045514644, -2.8921334551139464,1.3265896251873892,2.231691565387463,-3.237335728370589,1.3954533463745704,2.5264169847874025
binary,12676585565732695444,9881876314368043549,15067084064412694570,0.7848021962670328,3.2366240678187075,166.07933517005478,0.7663460757542858,62.67811477376545, 0.8303001012561492,0.39762755937762306,0.023763542381516567,0.4360886001520686,0.21925276427577212,-1.3439304454302414
binary,8759628885340733908,14901113103294079221,1193352829736512073,3.2704844868016925,11.381695740052018,100.10316006090592,0.37246580844632615,96.01979437510329, -0.11584036310162124,0.5497582658639785,-0.2741296745561847,0.6430062612536707,-1.1235886388637115,1.2382670806478138
binary,14011156697953472181,11222722717416201583,8185047260873154214,1.730340298497551,10.421847429457891,28.350769478691046,0.5585963660630833,123.43939575267044, -0.05593491400645461,-0.10233226932361937,-0.07785819199471376,5.273664711805294,-0.19674572913365312,1.561192447924582
binary,17626220802664752444,13643655656486258503,16508012263988461698,1.035798163413369,3.0888536879042463,292.3605087416976,0.8247471730167669,109.57795391898539, -1.6565777771604433,-0.5576030123364875,1.306766709462062,-1.4039238066176283,-0.07014449422229953,0.9603040619102367
binary,3910337710850506753,12116642846642793399,4507240150607919217,0.19709623458395356,2.8506935216072944,31.15909574275984,0.5980480270881028,73.3048600357542, 0.24677398434249875,-0.06513916664618016,-0.1834116852231668,-1.0922795170613562,-1.2958285679376926,0.8684653203503703
binary,12365885525248116403,3835878636245685947,14037563610790838391,1.7320052032833098,15.49998133118075,62.97410222866446,0.8011733728389644,101.51625518317924, -0.3892505442422673,-0.013728973896636068,-0.09094265960972872,1.7682811252283677,-1.955456399171209,-0.4288386237040368
binary,6447952802207013976,12331858364190294482,18281907404993738004,2.3959942861883436,3.934184405756945,85.72596791534828,0.5270353317395524,44.42905131815859, -0.2737843344420357,0.013173144916312237,-0.31587649358720465,0.2615308895064436,-0.03804432694616553,0.7335152497138885
binary,2687160981986108068,1575253593158816185,2052494630709899942,0.42855790095266505,2.172367873944601,205.26478024690368,0.5673856215249672,29.110442282146554, 0.04576374746331302,-0.3007269375572408,0.2415207581969052,2.61994046280244,-1.6680488895758705,2.440211990203152
binary,2290462069749200532,17414963453270341035,4067462291068158355,6.145064784843977,6.41273037697409,385.3223431584244,0.19504717101779823,94.9054988723737, -0.03577906743759128,-0.377532034501271,-0.8728654875942929,-0.8049260781605632,0.7484098591259909,-0.6149569692432166
binary,13424601047892666184,123672061803835117,17210396240675008371,1.6222491500304754,6.139082422392621,20.45428111197017,0.29019014060924814,134.3760495440624, -1.5793100766123065,-2.2313491019101543,-0.28288821858858226,0.07844168277617249,0.2582142706213358,-0.6672590854857409
binary,15042612303459600003,16229648784569607671,4818288266595001301,4.480866354006906,8.928713780731936,366.97961252021724,0.7461004148851929,145.4422794121404, -0.151854487432763,-0.01050065964577174,-0.041698085727938164,-2.387760764509396,-3.8950544129077427,-1.525584502054337
binary,7665536457048096567,17349525551905769138,15065099268846647774,2.5377347162084667,3.638921628821396,959.7126014645339,0.9297210542857388,159.22456788530025, 0.6065684081137028,-1.3779022616658316,0.03719173587820768,0.4950717128738998,0.5582644831750534,1.3378667746716115
binary,9721312266860428877,8999209433716433974,17844020182856865609,0.49631056422530484,4.083917809582547,44.244586928666145,0.8536869616666495,63.88559677180202, -0.10494474256502787,0.20751295349606827,0.1711682767794499,-0.5136314195304928,0.533338603451887,3.5226044250458477
binary,3984266143846747741,11865917404759859941,14483483687012631972,3.2995147786947316,2.741963744295503,28.843312773895512,0.5881716011601155,101.41399517221825, 0.07563508178415607,-0.14631251008419166,-0.6570571086620793,-2.6133398396381744,0.7655917163387981,-1.3010466968603591
binary,14080276615192685288,6803249688490264551,1127000609231889064,0.06717363203656058,1.5397298173723175,242.54532408608966,0.30497604081145957,98.31838535599663, -0.0849974170234879,1.2940767010553154,-0.7521298750155608,0.02890409135349541,-0.40482426776939756,-0.9546127542404123
binary,4270901232927268805,16175481498018303124,9012924635344311427,0.7652514473637863,2.7265673498140304,125.28439373203506,0.44152846732873957,108.88637185822537, -0.30476550809750846,-0.06612391778806571,0.36496812828698644,-1.416168261831927,-0.2981797637866827,-0.4141717858273563
binary,12552241869888869063,9700412178659341391,12915264235727416738,1.2320069561281062,8.06879768070116,191.4883637408248,0.3324045266742005,157.37356603153208, 1.0297378840396785,0.7577510200503667,-1.0430159613429675,0.7074324510764209,0.0016028921520966166,-0.4805680236781086
binary,13581206448426621789,9456174891881624371,219925744074111333,8.40247142024393,9.870125142627394,10.981847553171338,0.5854689536378622,109.34714204219942, -0.10416265907081215,-0.1596745093210404,-0.020017307628454228,-1.3115200642399503,-1.6651550422197798,4.757852481743955
binary,7715603139921990816,5873243559601076960,10049657840719626195,12.637827047277135,12.785352411685643,721.6275557802998,0.5244498416366802,117.48693920593921, -0.4693137375653555,0.07515874062881843,-0.031898643995432914,1.2467908940322416,-3.381340371256334,0.6796465682184103
binary,9395160287758666021,5048465015654184686,7695634462857776098,0.08523585710037883,1.6320152597568414,67.6201114580101,0.8202082328837563,55.95560027434482, 0.014374343063326807,-0.24320298568819318,0.019297495888636905,2.2758180816547156,-0.3738805698368743,-3.546880885168052
binary,1291313841190153515,7304906266373215718,17015138569551704572,0.6724957404826654,4.545005874630335,414.00696917637543,0.9496885935514285,139.99258404929967, -0.6655674462463389,0.42223843515308557,-0.28615226862123094,1.0356553891644313,-2.5719625958341434,0.2242004115188665
binary,5831140341716081165,1603041831273684642,14007703617870828398,2.9321432416833613,14.994134885766046,167.91753745854086,0.5864829594808032,89.61256674976008, -0.055756603779857285,0.018255111505280083,0.22736368174873398,-2.419121914320052,-2.4372011870802974,2.0392757039296545
binary,11056971572623250491,4728776502389389865,4084743313684879122,4.698965881637191,15.264291840775353,195.0329102428459,0.7383851582403591,97.83493305749066, 0.263906370264606,0.9956008607880648,-0.41012937188252163,0.1894284967253729,0.08338244045323685,0.6745941305759614
binary,4819417491487269719,18408158680848847970,3665754637184346944,0.20347490452225736,11.979261489676881,88.00121145161752,0.11830082064924256,41.663297481091554, 0.07804263300724422,0.17051400784194964,-0.07607247037005357,1.7356778028706261,-1.7313315400283649,-2.317416150748726
binary,15594641859144473814,13803951444154925675,12505371892539627986,1.6375291748339338,4.945518698750622,82.62860730628691,0.5983165626570286,141.28504877544702, -0.16885806353196695,0.2282818817133456,0.3224146798486004,-2.1109751238248378,-2.585703031111926,-0.9096020242256433


In this session you have used the AMUSE modules below. 
Please cite any relevant articles:


	"AMUSE (unknown version)"
		DOI:10.5281/zenodo.1435860
		ADS:2018araa.book.....P (Portegies Zwart, S. & McMillan, S.L.W., 2018)
		ADS:2013CoPhC.183..456P ** (Portegies Zwart, S. et al., 2013)
		ADS:2013A&A...557A..84P ** (Pelupessy, F. I. et al., 2013)
		ADS:2009NewA...14..369P (Portegies Zwart, S. et al., 2009)

